album_folder,track,field,value,source_url,retrieved_on,note
1997.12.06 - DAVID.TAO,1,composer,,,2026-10-04,未查到
1997.12.06 - DAVID.TAO,1,lyricist,,,2026-10-04,未查到
1997.12.06 - DAVID.TAO,1,arranger,陶喆,https://baike.baidu.com/item/%E9%99%B6%E5%96%86/68329596,2026-10-04,
1997.12.06 - DAVID.TAO,2,composer,陶喆,https://www.discogs.com/release/11239474,2026-10-04,
1997.12.06 - DAVID.TAO,2,lyricist,娃娃; 陶喆,https://www.discogs.com/release/11239474,2026-10-04,
1997.12.06 - DAVID.TAO,2,arranger,陶喆,https://baike.baidu.com/item/%E9%99%B6%E5%96%86/68329596,2026-10-04,
1997.12.06 - DAVID.TAO,3,composer,,,2026-10-04,未查到
1997.12.06 - DAVID.TAO,3,lyricist,,,2026-10-04,未查到
1997.12.06 - DAVID.TAO,3,arranger,陶喆,https://baike.baidu.com/item/%E9%99%B6%E5%96%86/68329596,2026-10-04,
1997.12.06 - DAVID.TAO,4,composer,陶喆,https://www.discogs.com/release/11239474,2026-10-04,
1997.12.06 - DAVID.TAO,4,lyricist,娃娃,https://www.discogs.com/release/11239474,2026-10-04,
1997.12.06 - DAVID.TAO,4,arranger,陶喆,https://baike.baidu.com/item/%E9%99%B6%E5%96%86/68329596,2026-10-04,
1997.12.06 - DAVID.TAO,5,composer,陶喆,https://www.discogs.com/release/11239474,2026-10-04,
1997.12.06 - DAVID.TAO,5,lyricist,娃娃,https://www.discogs.com/release/11239474,2026-10-04,
1997.12.06 - DAVID.TAO,5,arranger,陶喆,https://baike.baidu.com/item/%E9%99%B6%E5%96%86/68329596,2026-10-04,
1997.12.06 - DAVID.TAO,6,composer,陶喆,https://www.discogs.com/release/11239474,2026-10-04,
1997.12.06 - DAVID.TAO,6,lyricist,娃娃,https://www.discogs.com/release/11239474,2026-10-04,
1997.12.06 - DAVID.TAO,6,arranger,陶喆,https://baike.baidu.com/item/%E9%99%B6%E5%96%86/68329596,2026-10-04,
1997.12.06 - DAVID.TAO,7,composer,邓雨贤,https://www.discogs.com/release/11239474,2026-10-04,
1997.12.06 - DAVID.TAO,7,lyricist,李临秋; 娃娃,https://www.discogs.com/release/11239474,2026-10-04,
1997.12.06 - DAVID.TAO,7,arranger,陶喆,https://baike.baidu.com/item/%E9%99%B6%E5%96%86/68329596,2026-10-04,
1997.12.06 - DAVID.TAO,8,composer,陶喆,https://www.discogs.com/release/11239474,2026-10-04,
1997.12.06 - DAVID.TAO,8,lyricist,娃娃; 陶喆,https://www.discogs.com/release/11239474,2026-10-04,
1997.12.06 - DAVID.TAO,8,arranger,陶喆,https://baike.baidu.com/item/%E9%99%B6%E5%96%86/68329596,2026-10-04,
1997.12.06 - DAVID.TAO,9,composer,陶喆,https://www.discogs.com/release/11239474,2026-10-04,
1997.12.06 - DAVID.TAO,9,lyricist,娃娃; 陶喆,https://www.discogs.com/release/11239474,2026-10-04,
1997.12.06 - DAVID.TAO,9,arranger,陶喆,https://baike.baidu.com/item/%E9%99%B6%E5%96%86/68329596,2026-10-04,
1997.12.06 - DAVID.TAO,10,composer,陶喆,https://www.discogs.com/release/11239474,2026-10-04,
1997.12.06 - DAVID.TAO,10,lyricist,娃娃,https://www.discogs.com/release/11239474,2026-10-04,
1997.12.06 - DAVID.TAO,10,arranger,陶喆,https://baike.baidu.com/item/%E9%99%B6%E5%96%86/68329596,2026-10-04,
1997.12.06 - DAVID.TAO,11,composer,,,2026-10-04,未查到
1997.12.06 - DAVID.TAO,11,lyricist,,,2026-10-04,未查到
1997.12.06 - DAVID.TAO,11,arranger,陶喆,https://baike.baidu.com/item/%E9%99%B6%E5%96%86/68329596,2026-10-04,
1997.12.06 - DAVID.TAO,12,composer,陶喆,https://www.discogs.com/release/11239474,2026-10-04,
1997.12.06 - DAVID.TAO,12,lyricist,娃娃,https://www.discogs.com/release/11239474,2026-10-04,
1997.12.06 - DAVID.TAO,12,arranger,陶喆,https://baike.baidu.com/item/%E9%99%B6%E5%96%86/68329596,2026-10-04,
1997.12.06 - DAVID.TAO,13,composer,陶喆,https://www.discogs.com/release/11239474,2026-10-04,
1997.12.06 - DAVID.TAO,13,lyricist,娃娃,https://www.discogs.com/release/11239474,2026-10-04,
1997.12.06 - DAVID.TAO,13,arranger,陶喆,https://baike.baidu.com/item/%E9%99%B6%E5%96%86/68329596,2026-10-04,
1997.12.06 - DAVID.TAO,14,composer,陶喆,https://www.discogs.com/release/11239474,2026-10-04,
1997.12.06 - DAVID.TAO,14,lyricist,娃娃,https://www.discogs.com/release/11239474,2026-10-04,
1997.12.06 - DAVID.TAO,14,arranger,陶喆,https://baike.baidu.com/item/%E9%99%B6%E5%96%86/68329596,2026-10-04,
1997.12.06 - DAVID.TAO,15,composer,,,2026-10-04,未查到
1997.12.06 - DAVID.TAO,15,lyricist,,,2026-10-04,未查到
1997.12.06 - DAVID.TAO,15,arranger,陶喆,https://baike.baidu.com/item/%E9%99%B6%E5%96%86/68329596,2026-10-04,
1997.12.06 - DAVID.TAO,*,release_id,39097cac-d8f6-4977-b703-36d6d8b25cab,https://musicbrainz.org/release/39097cac-d8f6-4977-b703-36d6d8b25cab,2026-10-04,
1997.12.06 - DAVID.TAO,*,release_group_id,0266bc3c-2456-44be-99d2-c779fce923ff,https://musicbrainz.org/release/39097cac-d8f6-4977-b703-36d6d8b25cab,2026-10-04,
1997.12.06 - DAVID.TAO,*,artist_id,38fe7fb3-2bde-4672-8016-2ba6f7d1808f,https://musicbrainz.org/release/39097cac-d8f6-4977-b703-36d6d8b25cab,2026-10-04,
1997.12.06 - DAVID.TAO,*,label,Shock Records,https://musicbrainz.org/release/39097cac-d8f6-4977-b703-36d6d8b25cab,2026-10-04,
1997.12.06 - DAVID.TAO,*,country,TW,https://musicbrainz.org/release/39097cac-d8f6-4977-b703-36d6d8b25cab,2026-10-04,
1997.12.06 - DAVID.TAO,*,catalog_number,STC9701,https://musicbrainz.org/release/39097cac-d8f6-4977-b703-36d6d8b25cab,2026-10-04,
1997.12.06 - DAVID.TAO,*,barcode,4713729897016,https://musicbrainz.org/release/39097cac-d8f6-4977-b703-36d6d8b25cab,2026-10-04,
1997.12.06 - DAVID.TAO,*,matched_title,陶喆,https://musicbrainz.org/release/39097cac-d8f6-4977-b703-36d6d8b25cab,2026-10-04,
1997.12.06 - DAVID.TAO,*,date,1997-12-06,https://musicbrainz.org/release/39097cac-d8f6-4977-b703-36d6d8b25cab,2026-10-04,
1997.12.06 - DAVID.TAO,*,year,1997,https://musicbrainz.org/release/39097cac-d8f6-4977-b703-36d6d8b25cab,2026-10-04,
1999.12.10 - I'm.OK,1,composer,,,2026-10-04,未查到
1999.12.10 - I'm.OK,1,lyricist,,,2026-10-04,未查到
1999.12.10 - I'm.OK,1,arranger,,,2026-10-04,未查到
1999.12.10 - I'm.OK,2,composer,陶喆,https://www.discogs.com/release/14359960,2026-10-04,
1999.12.10 - I'm.OK,2,lyricist,陶喆,https://www.discogs.com/release/14359960,2026-10-04,
1999.12.10 - I'm.OK,2,arranger,陶喆,https://zh.wikipedia.org/wiki/I%27m_OK?oldid=92959128,2026-10-04,
1999.12.10 - I'm.OK,3,composer,陶喆,https://www.discogs.com/release/14359960,2026-10-04,
1999.12.10 - I'm.OK,3,lyricist,陶喆,https://www.discogs.com/release/14359960,2026-10-04,
1999.12.10 - I'm.OK,3,arranger,陶喆,https://zh.wikipedia.org/wiki/I%27m_OK?oldid=92959128,2026-10-04,
1999.12.10 - I'm.OK,4,composer,黎锦光,https://www.discogs.com/release/14359960,2026-10-04,
1999.12.10 - I'm.OK,4,lyricist,黎锦光,https://www.discogs.com/release/14359960,2026-10-04,
1999.12.10 - I'm.OK,4,arranger,陶喆,https://www.discogs.com/release/14359960,2026-10-04,
1999.12.10 - I'm.OK,5,composer,陶喆,https://www.discogs.com/release/14359960,2026-10-04,
1999.12.10 - I'm.OK,5,lyricist,娃娃; 陶喆,https://www.discogs.com/release/14359960,2026-10-04,
1999.12.10 - I'm.OK,5,arranger,陶喆,https://zh.wikipedia.org/wiki/I%27m_OK?oldid=92959128,2026-10-04,
1999.12.10 - I'm.OK,6,composer,陶喆,https://www.discogs.com/release/14359960,2026-10-04,
1999.12.10 - I'm.OK,6,lyricist,陶喆,https://www.discogs.com/release/14359960,2026-10-04,
1999.12.10 - I'm.OK,6,arranger,陶喆,https://zh.wikipedia.org/wiki/I%27m_OK?oldid=92959128,2026-10-04,
1999.12.10 - I'm.OK,7,composer,陶喆,https://www.discogs.com/release/14359960,2026-10-04,
1999.12.10 - I'm.OK,7,lyricist,陶喆,https://www.discogs.com/release/14359960,2026-10-04,
1999.12.10 - I'm.OK,7,arranger,陶喆,https://zh.wikipedia.org/wiki/I%27m_OK?oldid=92959128,2026-10-04,
1999.12.10 - I'm.OK,8,composer,陶喆,https://www.discogs.com/release/14359960,2026-10-04,
1999.12.10 - I'm.OK,8,lyricist,陶喆,https://www.discogs.com/release/14359960,2026-10-04,
1999.12.10 - I'm.OK,8,arranger,陶喆,https://zh.wikipedia.org/wiki/I%27m_OK?oldid=92959128,2026-10-04,
1999.12.10 - I'm.OK,9,composer,陶喆,https://www.discogs.com/release/14359960,2026-10-04,
1999.12.10 - I'm.OK,9,lyricist,陶喆,https://www.discogs.com/release/14359960,2026-10-04,
1999.12.10 - I'm.OK,9,arranger,陶喆,https://zh.wikipedia.org/wiki/I%27m_OK?oldid=92959128,2026-10-04,
1999.12.10 - I'm.OK,10,composer,陶喆,https://www.discogs.com/release/14359960,2026-10-04,
1999.12.10 - I'm.OK,10,lyricist,陶喆,https://www.discogs.com/release/14359960,2026-10-04,
1999.12.10 - I'm.OK,10,arranger,陶喆,https://zh.wikipedia.org/wiki/I%27m_OK?oldid=92959128,2026-10-04,
1999.12.10 - I'm.OK,11,composer,陶喆,https://www.discogs.com/release/14359960,2026-10-04,
1999.12.10 - I'm.OK,11,lyricist,娃娃,https://www.discogs.com/release/14359960,2026-10-04,
1999.12.10 - I'm.OK,11,arranger,陶喆,https://zh.wikipedia.org/wiki/I%27m_OK?oldid=92959128,2026-10-04,
1999.12.10 - I'm.OK,12,composer,陶喆,https://www.discogs.com/release/14359960,2026-10-04,
1999.12.10 - I'm.OK,12,lyricist,孙维君; 陶喆,https://www.discogs.com/release/14359960,2026-10-04,
1999.12.10 - I'm.OK,12,arranger,陶喆,https://zh.wikipedia.org/wiki/I%27m_OK?oldid=92959128,2026-10-04,
1999.12.10 - I'm.OK,13,composer,,,2026-10-04,未查到
1999.12.10 - I'm.OK,13,lyricist,,,2026-10-04,未查到
1999.12.10 - I'm.OK,13,arranger,,,2026-10-04,未查到
1999.12.10 - I'm.OK,*,release_id,660048a6-04d8-4baa-8b8f-e03e7e45a51a,https://musicbrainz.org/release/660048a6-04d8-4baa-8b8f-e03e7e45a51a,2026-10-04,
1999.12.10 - I'm.OK,*,release_group_id,923495e2-e110-3ee0-afee-7d3719fd26f5,https://musicbrainz.org/release/660048a6-04d8-4baa-8b8f-e03e7e45a51a,2026-10-04,
1999.12.10 - I'm.OK,*,artist_id,38fe7fb3-2bde-4672-8016-2ba6f7d1808f,https://musicbrainz.org/release/660048a6-04d8-4baa-8b8f-e03e7e45a51a,2026-10-04,
1999.12.10 - I'm.OK,*,label,Shock Records,https://musicbrainz.org/release/660048a6-04d8-4baa-8b8f-e03e7e45a51a,2026-10-04,
1999.12.10 - I'm.OK,*,country,TW,https://musicbrainz.org/release/660048a6-04d8-4baa-8b8f-e03e7e45a51a,2026-10-04,
1999.12.10 - I'm.OK,*,catalog_number,SCD2001,https://musicbrainz.org/release/660048a6-04d8-4baa-8b8f-e03e7e45a51a,2026-10-04,
1999.12.10 - I'm.OK,*,barcode,4719862440010,https://musicbrainz.org/release/660048a6-04d8-4baa-8b8f-e03e7e45a51a,2026-10-04,
1999.12.10 - I'm.OK,*,matched_title,I’m OK,https://musicbrainz.org/release/660048a6-04d8-4baa-8b8f-e03e7e45a51a,2026-10-04,
1999.12.10 - I'm.OK,*,date,1999-12-10,https://musicbrainz.org/release/660048a6-04d8-4baa-8b8f-e03e7e45a51a,2026-10-04,
1999.12.10 - I'm.OK,*,year,1999,https://musicbrainz.org/release/660048a6-04d8-4baa-8b8f-e03e7e45a51a,2026-10-04,
2002.08.09 - 黑色柳丁,1,composer,陶喆,https://www.baike.com/wikiid/2159541676710203096,2026-10-04,
2002.08.09 - 黑色柳丁,1,lyricist,陶喆; 娃娃,https://www.baike.com/wikiid/2159541676710203096,2026-10-04,
2002.08.09 - 黑色柳丁,1,arranger,陶喆,https://www.baike.com/wikiid/2159541676710203096,2026-10-04,
2002.08.09 - 黑色柳丁,2,composer,,,2026-10-04,未查到
2002.08.09 - 黑色柳丁,2,lyricist,,,2026-10-04,未查到
2002.08.09 - 黑色柳丁,2,arranger,,,2026-10-04,未查到
2002.08.09 - 黑色柳丁,3,composer,陶喆,https://www.baike.com/wikiid/2159541676710203096,2026-10-04,
2002.08.09 - 黑色柳丁,3,lyricist,陶喆; 娃娃,https://www.baike.com/wikiid/2159541676710203096,2026-10-04,
2002.08.09 - 黑色柳丁,3,arranger,陶喆,https://www.baike.com/wikiid/2159541676710203096,2026-10-04,
2002.08.09 - 黑色柳丁,4,composer,陶喆,https://www.baike.com/wikiid/2159541676710203096,2026-10-04,
2002.08.09 - 黑色柳丁,4,lyricist,陶喆; 娃娃,https://www.baike.com/wikiid/2159541676710203096,2026-10-04,
2002.08.09 - 黑色柳丁,4,arranger,陶喆,https://www.baike.com/wikiid/2159541676710203096,2026-10-04,
2002.08.09 - 黑色柳丁,5,composer,陶喆,https://www.baike.com/wikiid/2159541676710203096,2026-10-04,
2002.08.09 - 黑色柳丁,5,lyricist,陶喆; 娃娃,https://www.baike.com/wikiid/2159541676710203096,2026-10-04,
2002.08.09 - 黑色柳丁,5,arranger,陶喆,https://www.baike.com/wikiid/2159541676710203096,2026-10-04,
2002.08.09 - 黑色柳丁,6,composer,Brad Olynyk; 陶喆,https://www.baike.com/wikiid/2159541676710203096,2026-10-04,
2002.08.09 - 黑色柳丁,6,lyricist,陶喆; 娃娃,https://www.baike.com/wikiid/2159541676710203096,2026-10-04,
2002.08.09 - 黑色柳丁,6,arranger,陶喆,https://www.baike.com/wikiid/2159541676710203096,2026-10-04,
2002.08.09 - 黑色柳丁,7,composer,陶喆; ACDC,https://www.baike.com/wikiid/2159541676710203096,2026-10-04,
2002.08.09 - 黑色柳丁,7,lyricist,陶喆; 娃娃,https://www.baike.com/wikiid/2159541676710203096,2026-10-04,
2002.08.09 - 黑色柳丁,7,arranger,陶喆; 朱敬然,https://www.baike.com/wikiid/2159541676710203096,2026-10-04,
2002.08.09 - 黑色柳丁,8,composer,陶喆,https://www.baike.com/wikiid/2159541676710203096,2026-10-04,
2002.08.09 - 黑色柳丁,8,lyricist,陶喆; 娃娃,https://www.baike.com/wikiid/2159541676710203096,2026-10-04,
2002.08.09 - 黑色柳丁,8,arranger,陶喆,https://www.baike.com/wikiid/2159541676710203096,2026-10-04,
2002.08.09 - 黑色柳丁,9,composer,陶喆; 翁清溪,https://www.baike.com/wikiid/2159541676710203096,2026-10-04,
2002.08.09 - 黑色柳丁,9,lyricist,陶喆; 孙仪; 娃娃,https://baike.baidu.com/item/%E9%BB%91%E8%89%B2%E6%9F%B3%E4%B8%81/2266778,2026-10-04,
2002.08.09 - 黑色柳丁,9,arranger,陶喆,https://www.baike.com/wikiid/2159541676710203096,2026-10-04,
2002.08.09 - 黑色柳丁,10,composer,陶喆,https://www.baike.com/wikiid/2159541676710203096,2026-10-04,
2002.08.09 - 黑色柳丁,10,lyricist,陶喆; 娃娃,https://www.baike.com/wikiid/2159541676710203096,2026-10-04,
2002.08.09 - 黑色柳丁,10,arranger,陶喆,https://www.baike.com/wikiid/2159541676710203096,2026-10-04,
2002.08.09 - 黑色柳丁,11,composer,陶喆,https://www.baike.com/wikiid/2159541676710203096,2026-10-04,
2002.08.09 - 黑色柳丁,11,lyricist,陶喆; 娃娃,https://www.baike.com/wikiid/2159541676710203096,2026-10-04,
2002.08.09 - 黑色柳丁,11,arranger,陶喆,https://www.baike.com/wikiid/2159541676710203096,2026-10-04,
2002.08.09 - 黑色柳丁,12,composer,陶喆,https://www.baike.com/wikiid/2159541676710203096,2026-10-04,
2002.08.09 - 黑色柳丁,12,lyricist,陶喆; 娃娃,https://www.baike.com/wikiid/2159541676710203096,2026-10-04,
2002.08.09 - 黑色柳丁,12,arranger,陶喆,https://www.baike.com/wikiid/2159541676710203096,2026-10-04,
2002.08.09 - 黑色柳丁,13,composer,陶喆,https://www.baike.com/wikiid/2159541676710203096,2026-10-04,
2002.08.09 - 黑色柳丁,13,lyricist,陶喆,https://www.baike.com/wikiid/2159541676710203096,2026-10-04,
2002.08.09 - 黑色柳丁,13,arranger,陶喆,https://www.baike.com/wikiid/2159541676710203096,2026-10-04,
2002.08.09 - 黑色柳丁,*,release_id,161d7e8e-29de-4ca2-a755-dd3595650aa4,https://musicbrainz.org/release/161d7e8e-29de-4ca2-a755-dd3595650aa4,2026-10-04,
2002.08.09 - 黑色柳丁,*,release_group_id,ada64ee0-8bd4-3f23-acc0-a3e937431bf0,https://musicbrainz.org/release/161d7e8e-29de-4ca2-a755-dd3595650aa4,2026-10-04,
2002.08.09 - 黑色柳丁,*,artist_id,38fe7fb3-2bde-4672-8016-2ba6f7d1808f,https://musicbrainz.org/release/161d7e8e-29de-4ca2-a755-dd3595650aa4,2026-10-04,
2002.08.09 - 黑色柳丁,*,label,Shock Records,https://musicbrainz.org/release/161d7e8e-29de-4ca2-a755-dd3595650aa4,2026-10-04,
2002.08.09 - 黑色柳丁,*,country,TW,https://musicbrainz.org/release/161d7e8e-29de-4ca2-a755-dd3595650aa4,2026-10-04,
2002.08.09 - 黑色柳丁,*,catalog_number,SCD2005,https://musicbrainz.org/release/161d7e8e-29de-4ca2-a755-dd3595650aa4,2026-10-04,
2002.08.09 - 黑色柳丁,*,barcode,4719862441055,https://musicbrainz.org/release/161d7e8e-29de-4ca2-a755-dd3595650aa4,2026-10-04,
2002.08.09 - 黑色柳丁,*,matched_title,黑色柳丁,https://musicbrainz.org/release/161d7e8e-29de-4ca2-a755-dd3595650aa4,2026-10-04,
2002.08.09 - 黑色柳丁,*,date,2002-08-09,https://musicbrainz.org/release/161d7e8e-29de-4ca2-a755-dd3595650aa4,2026-10-04,
2002.08.09 - 黑色柳丁,*,year,2002,https://musicbrainz.org/release/161d7e8e-29de-4ca2-a755-dd3595650aa4,2026-10-04,
2003.08.08 - ULTRASOUND乐之路1997-2003,1,composer,陶喆,https://www.discogs.com/release/11274515,2026-10-04,
2003.08.08 - ULTRASOUND乐之路1997-2003,1,lyricist,娃娃,https://www.discogs.com/release/11274515,2026-10-04,
2003.08.08 - ULTRASOUND乐之路1997-2003,1,arranger,,,2026-10-04,未查到
2003.08.08 - ULTRASOUND乐之路1997-2003,2,composer,陶喆,https://www.discogs.com/release/11274515,2026-10-04,
2003.08.08 - ULTRASOUND乐之路1997-2003,2,lyricist,娃娃,https://www.discogs.com/release/11274515,2026-10-04,
2003.08.08 - ULTRASOUND乐之路1997-2003,2,arranger,,,2026-10-04,未查到
2003.08.08 - ULTRASOUND乐之路1997-2003,3,composer,陶喆,https://www.discogs.com/release/11274515,2026-10-04,
2003.08.08 - ULTRASOUND乐之路1997-2003,3,lyricist,娃娃,https://www.discogs.com/release/11274515,2026-10-04,
2003.08.08 - ULTRASOUND乐之路1997-2003,3,arranger,,,2026-10-04,未查到
2003.08.08 - ULTRASOUND乐之路1997-2003,4,composer,陶喆,https://www.discogs.com/release/11274515,2026-10-04,
2003.08.08 - ULTRASOUND乐之路1997-2003,4,lyricist,娃娃; 陶喆,https://www.discogs.com/release/11274515,2026-10-04,
2003.08.08 - ULTRASOUND乐之路1997-2003,4,arranger,,,2026-10-04,未查到
2003.08.08 - ULTRASOUND乐之路1997-2003,5,composer,陶喆,https://www.discogs.com/release/11274515,2026-10-04,
2003.08.08 - ULTRASOUND乐之路1997-2003,5,lyricist,娃娃,https://www.discogs.com/release/11274515,2026-10-04,
2003.08.08 - ULTRASOUND乐之路1997-2003,5,arranger,吴庆隆,https://www.discogs.com/release/11274515,2026-10-04,
2003.08.08 - ULTRASOUND乐之路1997-2003,6,composer,陶喆,https://www.discogs.com/release/11274515,2026-10-04,
2003.08.08 - ULTRASOUND乐之路1997-2003,6,lyricist,娃娃,https://www.discogs.com/release/11274515,2026-10-04,
2003.08.08 - ULTRASOUND乐之路1997-2003,6,arranger,,,2026-10-04,未查到
2003.08.08 - ULTRASOUND乐之路1997-2003,7,composer,陶喆,https://www.discogs.com/release/11274515,2026-10-04,
2003.08.08 - ULTRASOUND乐之路1997-2003,7,lyricist,娃娃,https://www.discogs.com/release/11274515,2026-10-04,
2003.08.08 - ULTRASOUND乐之路1997-2003,7,arranger,,,2026-10-04,未查到
2003.08.08 - ULTRASOUND乐之路1997-2003,8,composer,陶喆,https://www.discogs.com/release/11274515,2026-10-04,
2003.08.08 - ULTRASOUND乐之路1997-2003,8,lyricist,陶喆,https://zh.wikipedia.org/wiki/%E6%A8%82%E4%B9%8B%E8%B7%AF?oldid=92406587,2026-10-04,
2003.08.08 - ULTRASOUND乐之路1997-2003,8,arranger,,,2026-10-04,未查到
2003.08.08 - ULTRASOUND乐之路1997-2003,9,composer,陶喆,https://www.discogs.com/release/11274515,2026-10-04,
2003.08.08 - ULTRASOUND乐之路1997-2003,9,lyricist,陶喆,https://zh.wikipedia.org/wiki/%E6%A8%82%E4%B9%8B%E8%B7%AF?oldid=92406587,2026-10-04,
2003.08.08 - ULTRASOUND乐之路1997-2003,9,arranger,,,2026-10-04,未查到
2003.08.08 - ULTRASOUND乐之路1997-2003,10,composer,陶喆,https://www.discogs.com/release/11274515,2026-10-04,
2003.08.08 - ULTRASOUND乐之路1997-2003,10,lyricist,娃娃; 陶喆,https://www.discogs.com/release/11274515,2026-10-04,
2003.08.08 - ULTRASOUND乐之路1997-2003,10,arranger,,,2026-10-04,未查到
2003.08.08 - ULTRASOUND乐之路1997-2003,11,composer,陶喆,https://www.discogs.com/release/11274515,2026-10-04,
2003.08.08 - ULTRASOUND乐之路1997-2003,11,lyricist,陶喆,https://zh.wikipedia.org/wiki/%E6%A8%82%E4%B9%8B%E8%B7%AF?oldid=92406587,2026-10-04,
2003.08.08 - ULTRASOUND乐之路1997-2003,11,arranger,,,2026-10-04,未查到
2003.08.08 - ULTRASOUND乐之路1997-2003,12,composer,陶喆,https://www.discogs.com/release/11274515,2026-10-04,
2003.08.08 - ULTRASOUND乐之路1997-2003,12,lyricist,陶喆,https://www.discogs.com/release/11274515,2026-10-04,
2003.08.08 - ULTRASOUND乐之路1997-2003,12,arranger,,,2026-10-04,未查到
2003.08.08 - ULTRASOUND乐之路1997-2003,13,composer,陶喆,https://baike.baidu.com/item/%E4%B9%90%E4%B9%8B%E8%B7%AF/2266976,2026-10-04,
2003.08.08 - ULTRASOUND乐之路1997-2003,13,lyricist,陶喆,https://baike.baidu.com/item/%E4%B9%90%E4%B9%8B%E8%B7%AF/2266976,2026-10-04,
2003.08.08 - ULTRASOUND乐之路1997-2003,13,arranger,,,2026-10-04,未查到
2003.08.08 - ULTRASOUND乐之路1997-2003,*,release_id,2f27879c-770d-49de-847e-8c87b48dc26f,https://musicbrainz.org/release/2f27879c-770d-49de-847e-8c87b48dc26f,2026-10-04,
2003.08.08 - ULTRASOUND乐之路1997-2003,*,release_group_id,4ad72c6e-0909-3d54-a5ba-5f0309305d43,https://musicbrainz.org/release/2f27879c-770d-49de-847e-8c87b48dc26f,2026-10-04,
2003.08.08 - ULTRASOUND乐之路1997-2003,*,artist_id,38fe7fb3-2bde-4672-8016-2ba6f7d1808f,https://musicbrainz.org/release/2f27879c-770d-49de-847e-8c87b48dc26f,2026-10-04,
2003.08.08 - ULTRASOUND乐之路1997-2003,*,label,Shock Records,https://musicbrainz.org/release/2f27879c-770d-49de-847e-8c87b48dc26f,2026-10-04,
2003.08.08 - ULTRASOUND乐之路1997-2003,*,country,TW,https://musicbrainz.org/release/2f27879c-770d-49de-847e-8c87b48dc26f,2026-10-04,
2003.08.08 - ULTRASOUND乐之路1997-2003,*,catalog_number,ED0302,https://musicbrainz.org/release/2f27879c-770d-49de-847e-8c87b48dc26f,2026-10-04,
2003.08.08 - ULTRASOUND乐之路1997-2003,*,barcode,0724359333823,https://musicbrainz.org/release/2f27879c-770d-49de-847e-8c87b48dc26f,2026-10-04,
2003.08.08 - ULTRASOUND乐之路1997-2003,*,matched_title,Ultrasound 1997-2003 樂之路,https://musicbrainz.org/release/2f27879c-770d-49de-847e-8c87b48dc26f,2026-10-04,
2003.08.08 - ULTRASOUND乐之路1997-2003,*,date,2003-08-08,https://musicbrainz.org/release/2f27879c-770d-49de-847e-8c87b48dc26f,2026-10-04,
2003.08.08 - ULTRASOUND乐之路1997-2003,*,year,2003,https://musicbrainz.org/release/2f27879c-770d-49de-847e-8c87b48dc26f,2026-10-04,
2005.01.21 - 太平盛世,1,composer,陶喆,https://baike.so.com/doc/481510-509892.html,2026-10-04,
2005.01.21 - 太平盛世,1,lyricist,陶喆; 李焯雄,https://baike.so.com/doc/481510-509892.html,2026-10-04,
2005.01.21 - 太平盛世,1,arranger,吴庆隆,https://zh.wikipedia.org/wiki/%E5%A4%AA%E5%B9%B3%E7%9B%9B%E4%B8%96?oldid=92959210,2026-10-04,
2005.01.21 - 太平盛世,2,composer,陶喆,https://www.discogs.com/release/11239689,2026-10-04,
2005.01.21 - 太平盛世,2,lyricist,李焯雄; 陶喆,https://www.discogs.com/release/11239689,2026-10-04,
2005.01.21 - 太平盛世,2,arranger,陶喆,https://zh.wikipedia.org/wiki/%E5%A4%AA%E5%B9%B3%E7%9B%9B%E4%B8%96?oldid=92959210,2026-10-04,
2005.01.21 - 太平盛世,3,composer,丁世光,https://www.discogs.com/release/11239689,2026-10-04,
2005.01.21 - 太平盛世,3,lyricist,娃娃; 陶喆,https://www.discogs.com/release/11239689,2026-10-04,
2005.01.21 - 太平盛世,3,arranger,陶喆,https://zh.wikipedia.org/wiki/%E5%A4%AA%E5%B9%B3%E7%9B%9B%E4%B8%96?oldid=92959210,2026-10-04,
2005.01.21 - 太平盛世,4,composer,陶喆,https://www.discogs.com/release/11239689,2026-10-04,
2005.01.21 - 太平盛世,4,lyricist,娃娃,https://www.discogs.com/release/11239689,2026-10-04,
2005.01.21 - 太平盛世,4,arranger,陶喆,https://zh.wikipedia.org/wiki/%E5%A4%AA%E5%B9%B3%E7%9B%9B%E4%B8%96?oldid=92959210,2026-10-04,
2005.01.21 - 太平盛世,5,composer,陶喆,https://www.discogs.com/release/11239689,2026-10-04,
2005.01.21 - 太平盛世,5,lyricist,李焯雄,https://www.discogs.com/release/11239689,2026-10-04,
2005.01.21 - 太平盛世,5,arranger,陶喆,https://zh.wikipedia.org/wiki/%E5%A4%AA%E5%B9%B3%E7%9B%9B%E4%B8%96?oldid=92959210,2026-10-04,
2005.01.21 - 太平盛世,6,composer,陶喆,https://www.discogs.com/release/11239689,2026-10-04,
2005.01.21 - 太平盛世,6,lyricist,娃娃; 陶喆,https://www.discogs.com/release/11239689,2026-10-04,
2005.01.21 - 太平盛世,6,arranger,陶喆,https://zh.wikipedia.org/wiki/%E5%A4%AA%E5%B9%B3%E7%9B%9B%E4%B8%96?oldid=92959210,2026-10-04,
2005.01.21 - 太平盛世,7,composer,陶喆,https://www.discogs.com/release/11239689,2026-10-04,
2005.01.21 - 太平盛世,7,lyricist,李焯雄,https://www.discogs.com/release/11239689,2026-10-04,
2005.01.21 - 太平盛世,7,arranger,陶喆,https://zh.wikipedia.org/wiki/%E5%A4%AA%E5%B9%B3%E7%9B%9B%E4%B8%96?oldid=92959210,2026-10-04,
2005.01.21 - 太平盛世,8,composer,朱敬然; 陶喆,https://www.discogs.com/release/11239689,2026-10-04,
2005.01.21 - 太平盛世,8,lyricist,李焯雄; 陶喆,https://www.discogs.com/release/11239689,2026-10-04,
2005.01.21 - 太平盛世,8,arranger,陶喆,https://zh.wikipedia.org/wiki/%E5%A4%AA%E5%B9%B3%E7%9B%9B%E4%B8%96?oldid=92959210,2026-10-04,
2005.01.21 - 太平盛世,9,composer,陶喆,https://www.discogs.com/release/11239689,2026-10-04,
2005.01.21 - 太平盛世,9,lyricist,娃娃; 陶喆,https://www.discogs.com/release/11239689,2026-10-04,
2005.01.21 - 太平盛世,9,arranger,陶喆,https://zh.wikipedia.org/wiki/%E5%A4%AA%E5%B9%B3%E7%9B%9B%E4%B8%96?oldid=92959210,2026-10-04,
2005.01.21 - 太平盛世,10,composer,陶喆,https://www.discogs.com/release/11239689,2026-10-04,
2005.01.21 - 太平盛世,10,lyricist,Katrina,https://www.discogs.com/release/11239689,2026-10-04,
2005.01.21 - 太平盛世,10,arranger,陶喆,https://zh.wikipedia.org/wiki/%E5%A4%AA%E5%B9%B3%E7%9B%9B%E4%B8%96?oldid=92959210,2026-10-04,
2005.01.21 - 太平盛世,11,composer,陶喆,https://www.discogs.com/release/11239689,2026-10-04,
2005.01.21 - 太平盛世,11,lyricist,娃娃,https://www.discogs.com/release/11239689,2026-10-04,
2005.01.21 - 太平盛世,11,arranger,陶喆,https://zh.wikipedia.org/wiki/%E5%A4%AA%E5%B9%B3%E7%9B%9B%E4%B8%96?oldid=92959210,2026-10-04,
2005.01.21 - 太平盛世,12,composer,陶喆,https://www.discogs.com/release/11239689,2026-10-04,
2005.01.21 - 太平盛世,12,lyricist,娃娃; 陶喆,https://www.discogs.com/release/11239689,2026-10-04,
2005.01.21 - 太平盛世,12,arranger,陶喆,https://zh.wikipedia.org/wiki/%E5%A4%AA%E5%B9%B3%E7%9B%9B%E4%B8%96?oldid=92959210,2026-10-04,
2005.01.21 - 太平盛世,13,composer,William B. Bradbury,https://www.discogs.com/release/11239689,2026-10-04,
2005.01.21 - 太平盛世,13,lyricist,Traditional,https://www.discogs.com/release/11239689,2026-10-04,
2005.01.21 - 太平盛世,13,arranger,,,2026-10-04,未查到
2005.01.21 - 太平盛世,*,release_id,09a586bd-6f45-4f8c-9923-2d20333a13cf,https://musicbrainz.org/release/09a586bd-6f45-4f8c-9923-2d20333a13cf,2026-10-04,
2005.01.21 - 太平盛世,*,release_group_id,50e835ee-3c0b-3fba-a888-5e8f5d441c34,https://musicbrainz.org/release/09a586bd-6f45-4f8c-9923-2d20333a13cf,2026-10-04,
2005.01.21 - 太平盛世,*,artist_id,38fe7fb3-2bde-4672-8016-2ba6f7d1808f,https://musicbrainz.org/release/09a586bd-6f45-4f8c-9923-2d20333a13cf,2026-10-04,
2005.01.21 - 太平盛世,*,label,EMI,https://musicbrainz.org/release/09a586bd-6f45-4f8c-9923-2d20333a13cf,2026-10-04,
2005.01.21 - 太平盛世,*,country,TW,https://musicbrainz.org/release/09a586bd-6f45-4f8c-9923-2d20333a13cf,2026-10-04,
2005.01.21 - 太平盛世,*,catalog_number,ED04C12,https://musicbrainz.org/release/09a586bd-6f45-4f8c-9923-2d20333a13cf,2026-10-04,
2005.01.21 - 太平盛世,*,barcode,0724356380523,https://musicbrainz.org/release/09a586bd-6f45-4f8c-9923-2d20333a13cf,2026-10-04,
2005.01.21 - 太平盛世,*,matched_title,太平盛世,https://musicbrainz.org/release/09a586bd-6f45-4f8c-9923-2d20333a13cf,2026-10-04,
2005.01.21 - 太平盛世,*,date,2005-01-21,https://musicbrainz.org/release/09a586bd-6f45-4f8c-9923-2d20333a13cf,2026-10-04,
2005.01.21 - 太平盛世,*,year,2005,https://musicbrainz.org/release/09a586bd-6f45-4f8c-9923-2d20333a13cf,2026-10-04,
2006.01.21 - 太美丽,1,composer,陶喆,https://zh.wikipedia.org/wiki/%E5%A4%AA%E7%BE%8E%E9%BA%97?oldid=93712327,2026-10-04,
2006.01.21 - 太美丽,1,lyricist,陶喆,https://zh.wikipedia.org/wiki/%E5%A4%AA%E7%BE%8E%E9%BA%97?oldid=93712327,2026-10-04,
2006.01.21 - 太美丽,1,arranger,陶喆,https://zh.wikipedia.org/wiki/%E5%A4%AA%E7%BE%8E%E9%BA%97?oldid=93712327,2026-10-04,
2006.01.21 - 太美丽,2,composer,王福龄; 陶喆,https://www.discogs.com/release/11261674,2026-10-04,
2006.01.21 - 太美丽,2,lyricist,娃娃; 陶喆; 陶秦,https://www.discogs.com/release/11261674,2026-10-04,
2006.01.21 - 太美丽,2,arranger,陶喆,https://baike.baidu.com/item/%E5%A4%AA%E7%BE%8E%E4%B8%BD/6556002,2026-10-04,
2006.01.21 - 太美丽,3,composer,陶喆,https://www.discogs.com/release/11261674,2026-10-04,
2006.01.21 - 太美丽,3,lyricist,娃娃; 陶喆,https://www.discogs.com/release/11261674,2026-10-04,
2006.01.21 - 太美丽,3,arranger,陶喆,https://baike.baidu.com/item/%E5%A4%AA%E7%BE%8E%E4%B8%BD/6556002,2026-10-04,
2006.01.21 - 太美丽,4,composer,陶喆,https://www.discogs.com/release/11261674,2026-10-04,
2006.01.21 - 太美丽,4,lyricist,葛大为,https://www.discogs.com/release/11261674,2026-10-04,
2006.01.21 - 太美丽,4,arranger,陶喆,https://baike.baidu.com/item/%E5%A4%AA%E7%BE%8E%E4%B8%BD/6556002,2026-10-04,
2006.01.21 - 太美丽,5,composer,陶喆,https://www.discogs.com/release/11261674,2026-10-04,
2006.01.21 - 太美丽,5,lyricist,娃娃,https://www.discogs.com/release/11261674,2026-10-04,
2006.01.21 - 太美丽,5,arranger,陶喆,https://baike.baidu.com/item/%E5%A4%AA%E7%BE%8E%E4%B8%BD/6556002,2026-10-04,
2006.01.21 - 太美丽,6,composer,吴庆隆; 陶喆,https://www.discogs.com/release/11261674,2026-10-04,
2006.01.21 - 太美丽,6,lyricist,葛大为; 陶喆,https://www.discogs.com/release/11261674,2026-10-04,
2006.01.21 - 太美丽,6,arranger,陶喆,https://baike.baidu.com/item/%E5%A4%AA%E7%BE%8E%E4%B8%BD/6556002,2026-10-04,
2006.01.21 - 太美丽,7,composer,陶喆,https://www.discogs.com/release/11261674,2026-10-04,
2006.01.21 - 太美丽,7,lyricist,娃娃; 陶喆,https://www.discogs.com/release/11261674,2026-10-04,
2006.01.21 - 太美丽,7,arranger,陶喆,https://baike.baidu.com/item/%E5%A4%AA%E7%BE%8E%E4%B8%BD/6556002,2026-10-04,
2006.01.21 - 太美丽,8,composer,陶喆,https://www.discogs.com/release/11261674,2026-10-04,
2006.01.21 - 太美丽,8,lyricist,娃娃; 陶喆,https://www.discogs.com/release/11261674,2026-10-04,
2006.01.21 - 太美丽,8,arranger,陶喆,https://baike.baidu.com/item/%E5%A4%AA%E7%BE%8E%E4%B8%BD/6556002,2026-10-04,
2006.01.21 - 太美丽,9,composer,陶喆,https://www.discogs.com/release/11261674,2026-10-04,
2006.01.21 - 太美丽,9,lyricist,娃娃; 陶喆,https://www.discogs.com/release/11261674,2026-10-04,
2006.01.21 - 太美丽,9,arranger,陶喆,https://baike.baidu.com/item/%E5%A4%AA%E7%BE%8E%E4%B8%BD/6556002,2026-10-04,
2006.01.21 - 太美丽,10,composer,陶喆,https://www.discogs.com/release/11261674,2026-10-04,
2006.01.21 - 太美丽,10,lyricist,娃娃; 陶喆,https://www.discogs.com/release/11261674,2026-10-04,
2006.01.21 - 太美丽,10,arranger,陶喆,https://baike.baidu.com/item/%E5%A4%AA%E7%BE%8E%E4%B8%BD/6556002,2026-10-04,
2006.01.21 - 太美丽,11,composer,陶喆,https://www.discogs.com/release/11261674,2026-10-04,
2006.01.21 - 太美丽,11,lyricist,李焯雄,https://www.discogs.com/release/11261674,2026-10-04,
2006.01.21 - 太美丽,11,arranger,陶喆,https://baike.baidu.com/item/%E5%A4%AA%E7%BE%8E%E4%B8%BD/6556002,2026-10-04,
2006.01.21 - 太美丽,12,composer,朱敬然; 陈熙,https://www.discogs.com/release/11261674,2026-10-04,
2006.01.21 - 太美丽,12,lyricist,葛大为,https://www.discogs.com/release/11261674,2026-10-04,
2006.01.21 - 太美丽,12,arranger,陶喆,https://baike.baidu.com/item/%E5%A4%AA%E7%BE%8E%E4%B8%BD/6556002,2026-10-04,
2006.01.21 - 太美丽,13,composer,陶喆,https://www.discogs.com/release/11261674,2026-10-04,
2006.01.21 - 太美丽,13,lyricist,李焯雄; 陶喆,https://www.discogs.com/release/11261674,2026-10-04,
2006.01.21 - 太美丽,13,arranger,陶喆,https://baike.baidu.com/item/%E5%A4%AA%E7%BE%8E%E4%B8%BD/6556002,2026-10-04,
2006.01.21 - 太美丽,*,release_id,884c31cc-3fc1-4de0-ad96-efad887f318e,https://musicbrainz.org/release/884c31cc-3fc1-4de0-ad96-efad887f318e,2026-10-04,
2006.01.21 - 太美丽,*,release_group_id,bacb7008-0ab6-307a-8bf7-4a509b62fbdc,https://musicbrainz.org/release/884c31cc-3fc1-4de0-ad96-efad887f318e,2026-10-04,
2006.01.21 - 太美丽,*,artist_id,38fe7fb3-2bde-4672-8016-2ba6f7d1808f,https://musicbrainz.org/release/884c31cc-3fc1-4de0-ad96-efad887f318e,2026-10-04,
2006.01.21 - 太美丽,*,label,EMI,https://musicbrainz.org/release/884c31cc-3fc1-4de0-ad96-efad887f318e,2026-10-04,
2006.01.21 - 太美丽,*,country,TW,https://musicbrainz.org/release/884c31cc-3fc1-4de0-ad96-efad887f318e,2026-10-04,
2006.01.21 - 太美丽,*,catalog_number,ED06C01,https://musicbrainz.org/release/884c31cc-3fc1-4de0-ad96-efad887f318e,2026-10-04,
2006.01.21 - 太美丽,*,barcode,0094637271629,https://musicbrainz.org/release/884c31cc-3fc1-4de0-ad96-efad887f318e,2026-10-04,
2006.01.21 - 太美丽,*,matched_title,太美麗,https://musicbrainz.org/release/884c31cc-3fc1-4de0-ad96-efad887f318e,2026-10-04,
2006.01.21 - 太美丽,*,date,2006-08-04,https://musicbrainz.org/release/884c31cc-3fc1-4de0-ad96-efad887f318e,2026-10-04,
2006.01.21 - 太美丽,*,year,2006,https://musicbrainz.org/release/884c31cc-3fc1-4de0-ad96-efad887f318e,2026-10-04,
2009.08.21 - 69乐章,1,composer,陶喆,https://www.baike.com/wikiid/3160209653263469126,2026-10-04,
2009.08.21 - 69乐章,1,lyricist,,,2026-10-04,未查到
2009.08.21 - 69乐章,1,arranger,陶喆,https://www.baike.com/wikiid/3160209653263469126,2026-10-04,
2009.08.21 - 69乐章,2,composer,陶喆,https://www.baike.com/wikiid/3160209653263469126,2026-10-04,
2009.08.21 - 69乐章,2,lyricist,陶喆; 李焯雄,https://www.baike.com/wikiid/3160209653263469126,2026-10-04,
2009.08.21 - 69乐章,2,arranger,陶喆,https://www.baike.com/wikiid/3160209653263469126,2026-10-04,
2009.08.21 - 69乐章,3,composer,陶喆,https://www.baike.com/wikiid/3160209653263469126,2026-10-04,
2009.08.21 - 69乐章,3,lyricist,陶喆; 娃娃,https://www.baike.com/wikiid/3160209653263469126,2026-10-04,
2009.08.21 - 69乐章,3,arranger,陶喆,https://www.baike.com/wikiid/3160209653263469126,2026-10-04,
2009.08.21 - 69乐章,4,composer,陶喆,https://www.baike.com/wikiid/3160209653263469126,2026-10-04,
2009.08.21 - 69乐章,4,lyricist,陶喆; 李焯雄,https://www.baike.com/wikiid/3160209653263469126,2026-10-04,
2009.08.21 - 69乐章,4,arranger,陶喆,https://www.baike.com/wikiid/3160209653263469126,2026-10-04,
2009.08.21 - 69乐章,5,composer,陶喆,https://www.baike.com/wikiid/3160209653263469126,2026-10-04,
2009.08.21 - 69乐章,5,lyricist,陶喆; 吴建恒,https://www.baike.com/wikiid/3160209653263469126,2026-10-04,
2009.08.21 - 69乐章,5,arranger,陶喆,https://www.baike.com/wikiid/3160209653263469126,2026-10-04,
2009.08.21 - 69乐章,6,composer,陶喆,https://www.baike.com/wikiid/3160209653263469126,2026-10-04,
2009.08.21 - 69乐章,6,lyricist,陶喆; 李焯雄,https://www.baike.com/wikiid/3160209653263469126,2026-10-04,
2009.08.21 - 69乐章,6,arranger,陶喆,https://www.baike.com/wikiid/3160209653263469126,2026-10-04,
2009.08.21 - 69乐章,7,composer,陶喆,https://www.baike.com/wikiid/3160209653263469126,2026-10-04,
2009.08.21 - 69乐章,7,lyricist,陶喆; 刘轩; 娃娃,https://www.baike.com/wikiid/3160209653263469126,2026-10-04,
2009.08.21 - 69乐章,7,arranger,陶喆,https://www.baike.com/wikiid/3160209653263469126,2026-10-04,
2009.08.21 - 69乐章,8,composer,陶喆,https://www.baike.com/wikiid/3160209653263469126,2026-10-04,
2009.08.21 - 69乐章,8,lyricist,陶喆; 刘轩,https://www.baike.com/wikiid/3160209653263469126,2026-10-04,
2009.08.21 - 69乐章,8,arranger,陶喆,https://www.baike.com/wikiid/3160209653263469126,2026-10-04,
2009.08.21 - 69乐章,9,composer,陶喆,https://www.baike.com/wikiid/3160209653263469126,2026-10-04,
2009.08.21 - 69乐章,9,lyricist,陶喆; 娃娃,https://www.baike.com/wikiid/3160209653263469126,2026-10-04,
2009.08.21 - 69乐章,9,arranger,陶喆,https://www.baike.com/wikiid/3160209653263469126,2026-10-04,
2009.08.21 - 69乐章,10,composer,陶喆,https://www.baike.com/wikiid/3160209653263469126,2026-10-04,
2009.08.21 - 69乐章,10,lyricist,陶喆; 娃娃,https://www.baike.com/wikiid/3160209653263469126,2026-10-04,
2009.08.21 - 69乐章,10,arranger,陶喆,https://www.baike.com/wikiid/3160209653263469126,2026-10-04,
2009.08.21 - 69乐章,11,composer,陶喆,https://www.baike.com/wikiid/3160209653263469126,2026-10-04,
2009.08.21 - 69乐章,11,lyricist,陶喆; 娃娃,https://www.baike.com/wikiid/3160209653263469126,2026-10-04,
2009.08.21 - 69乐章,11,arranger,陶喆,https://www.baike.com/wikiid/3160209653263469126,2026-10-04,
2009.08.21 - 69乐章,12,composer,陶喆,https://www.baike.com/wikiid/3160209653263469126,2026-10-04,
2009.08.21 - 69乐章,12,lyricist,陶喆; 李焯雄,https://www.baike.com/wikiid/3160209653263469126,2026-10-04,
2009.08.21 - 69乐章,12,arranger,陶喆,https://www.baike.com/wikiid/3160209653263469126,2026-10-04,
2009.08.21 - 69乐章,13,composer,陶喆,https://www.baike.com/wikiid/3160209653263469126,2026-10-04,
2009.08.21 - 69乐章,13,lyricist,陶喆; 娃娃,https://www.baike.com/wikiid/3160209653263469126,2026-10-04,
2009.08.21 - 69乐章,13,arranger,陶喆,https://www.baike.com/wikiid/3160209653263469126,2026-10-04,
2009.08.21 - 69乐章,14,composer,陶喆,https://www.baike.com/wikiid/3160209653263469126,2026-10-04,
2009.08.21 - 69乐章,14,lyricist,娃娃,https://www.baike.com/wikiid/3160209653263469126,2026-10-04,
2009.08.21 - 69乐章,14,arranger,吴庆隆,https://www.baike.com/wikiid/3160209653263469126,2026-10-04,
2009.08.21 - 69乐章,*,release_id,7abaaf1b-031d-4a6d-a15b-c5693607653b,https://musicbrainz.org/release/7abaaf1b-031d-4a6d-a15b-c5693607653b,2026-10-04,
2009.08.21 - 69乐章,*,release_group_id,a93f1da9-6156-493e-b256-9b0527dce692,https://musicbrainz.org/release/7abaaf1b-031d-4a6d-a15b-c5693607653b,2026-10-04,
2009.08.21 - 69乐章,*,artist_id,38fe7fb3-2bde-4672-8016-2ba6f7d1808f,https://musicbrainz.org/release/7abaaf1b-031d-4a6d-a15b-c5693607653b,2026-10-04,
2009.08.21 - 69乐章,*,label,金牌大風,https://musicbrainz.org/release/7abaaf1b-031d-4a6d-a15b-c5693607653b,2026-10-04,
2009.08.21 - 69乐章,*,country,TW,https://musicbrainz.org/release/7abaaf1b-031d-4a6d-a15b-c5693607653b,2026-10-04,
2009.08.21 - 69乐章,*,catalog_number,ED09E08,https://musicbrainz.org/release/7abaaf1b-031d-4a6d-a15b-c5693607653b,2026-10-04,
2009.08.21 - 69乐章,*,barcode,4714127660387,https://musicbrainz.org/release/7abaaf1b-031d-4a6d-a15b-c5693607653b,2026-10-04,
2009.08.21 - 69乐章,*,matched_title,69樂章,https://musicbrainz.org/release/7abaaf1b-031d-4a6d-a15b-c5693607653b,2026-10-04,
2009.08.21 - 69乐章,*,date,2009-08-21,https://musicbrainz.org/release/7abaaf1b-031d-4a6d-a15b-c5693607653b,2026-10-04,
2009.08.21 - 69乐章,*,year,2009,https://musicbrainz.org/release/7abaaf1b-031d-4a6d-a15b-c5693607653b,2026-10-04,
2013.06.11 - 再见你好吗,1,composer,陶喆,https://www.discogs.com/release/11270529,2026-10-04,
2013.06.11 - 再见你好吗,1,lyricist,,,2026-10-04,未查到
2013.06.11 - 再见你好吗,1,arranger,陶喆,https://zh.wikipedia.org/wiki/%E5%86%8D%E8%A6%8B%E4%BD%A0%E5%A5%BD%E5%97%8E?oldid=92546907,2026-10-04,
2013.06.11 - 再见你好吗,2,composer,陶喆,https://www.baike.com/wikiid/6224584408396095341,2026-10-04,
2013.06.11 - 再见你好吗,2,lyricist,周启儿,https://www.baike.com/wikiid/6224584408396095341,2026-10-04,
2013.06.11 - 再见你好吗,2,arranger,陶喆,https://zh.wikipedia.org/wiki/%E5%86%8D%E8%A6%8B%E4%BD%A0%E5%A5%BD%E5%97%8E?oldid=92546907,2026-10-04,
2013.06.11 - 再见你好吗,3,composer,陶喆,https://www.baike.com/wikiid/6224584408396095341,2026-10-04,
2013.06.11 - 再见你好吗,3,lyricist,娃娃,https://www.baike.com/wikiid/6224584408396095341,2026-10-04,
2013.06.11 - 再见你好吗,3,arranger,,,2026-10-04,未查到
2013.06.11 - 再见你好吗,4,composer,陶喆; 卢广仲,https://www.baike.com/wikiid/6224584408396095341,2026-10-04,
2013.06.11 - 再见你好吗,4,lyricist,陶喆; 卢广仲; 罗小宾; 周启儿,https://www.baike.com/wikiid/6224584408396095341,2026-10-04,
2013.06.11 - 再见你好吗,4,arranger,,,2026-10-04,未查到
2013.06.11 - 再见你好吗,5,composer,陶喆; 蔡健雅,https://www.baike.com/wikiid/6224584408396095341,2026-10-04,
2013.06.11 - 再见你好吗,5,lyricist,葛大为,https://www.baike.com/wikiid/6224584408396095341,2026-10-04,
2013.06.11 - 再见你好吗,5,arranger,,,2026-10-04,未查到
2013.06.11 - 再见你好吗,6,composer,陶喆,https://www.baike.com/wikiid/6224584408396095341,2026-10-04,
2013.06.11 - 再见你好吗,6,lyricist,黄婷,https://www.baike.com/wikiid/6224584408396095341,2026-10-04,
2013.06.11 - 再见你好吗,6,arranger,,,2026-10-04,未查到
2013.06.11 - 再见你好吗,7,composer,陶喆,https://www.baike.com/wikiid/6224584408396095341,2026-10-04,
2013.06.11 - 再见你好吗,7,lyricist,武雄,https://www.baike.com/wikiid/6224584408396095341,2026-10-04,
2013.06.11 - 再见你好吗,7,arranger,,,2026-10-04,未查到
2013.06.11 - 再见你好吗,8,composer,陶喆; 卢广仲,https://www.baike.com/wikiid/6224584408396095341,2026-10-04,
2013.06.11 - 再见你好吗,8,lyricist,周启儿,https://www.baike.com/wikiid/6224584408396095341,2026-10-04,
2013.06.11 - 再见你好吗,8,arranger,,,2026-10-04,未查到
2013.06.11 - 再见你好吗,9,composer,陶喆,https://www.baike.com/wikiid/6224584408396095341,2026-10-04,
2013.06.11 - 再见你好吗,9,lyricist,林夕,https://www.baike.com/wikiid/6224584408396095341,2026-10-04,
2013.06.11 - 再见你好吗,9,arranger,,,2026-10-04,未查到
2013.06.11 - 再见你好吗,10,composer,陶喆,https://www.baike.com/wikiid/6224584408396095341,2026-10-04,
2013.06.11 - 再见你好吗,10,lyricist,周启儿,https://www.baike.com/wikiid/6224584408396095341,2026-10-04,
2013.06.11 - 再见你好吗,10,arranger,,,2026-10-04,未查到
2013.06.11 - 再见你好吗,11,composer,陶喆,https://www.baike.com/wikiid/6224584408396095341,2026-10-04,
2013.06.11 - 再见你好吗,11,lyricist,周启儿,https://www.baike.com/wikiid/6224584408396095341,2026-10-04,
2013.06.11 - 再见你好吗,11,arranger,,,2026-10-04,未查到
2013.06.11 - 再见你好吗,12,composer,陶喆,https://www.baike.com/wikiid/6224584408396095341,2026-10-04,
2013.06.11 - 再见你好吗,12,lyricist,刘轩,https://www.baike.com/wikiid/6224584408396095341,2026-10-04,
2013.06.11 - 再见你好吗,12,arranger,,,2026-10-04,未查到
2013.06.11 - 再见你好吗,13,composer,陶喆,https://www.baike.com/wikiid/6224584408396095341,2026-10-04,
2013.06.11 - 再见你好吗,13,lyricist,卢广仲; 周启儿,https://www.baike.com/wikiid/6224584408396095341,2026-10-04,
2013.06.11 - 再见你好吗,13,arranger,,,2026-10-04,未查到
2013.06.11 - 再见你好吗,*,release_id,1ae5b83c-8b57-4ece-b16b-c6fd6b46d260,https://musicbrainz.org/release/1ae5b83c-8b57-4ece-b16b-c6fd6b46d260,2026-10-04,
2013.06.11 - 再见你好吗,*,release_group_id,ebe6a6ac-2100-4cc7-81b4-a07e8d923f1b,https://musicbrainz.org/release/1ae5b83c-8b57-4ece-b16b-c6fd6b46d260,2026-10-04,
2013.06.11 - 再见你好吗,*,artist_id,38fe7fb3-2bde-4672-8016-2ba6f7d1808f,https://musicbrainz.org/release/1ae5b83c-8b57-4ece-b16b-c6fd6b46d260,2026-10-04,
2013.06.11 - 再见你好吗,*,label,Seed Music,https://musicbrainz.org/release/1ae5b83c-8b57-4ece-b16b-c6fd6b46d260,2026-10-04,
2013.06.11 - 再见你好吗,*,country,TW,https://musicbrainz.org/release/1ae5b83c-8b57-4ece-b16b-c6fd6b46d260,2026-10-04,
2013.06.11 - 再见你好吗,*,catalog_number,GR13C0001,https://musicbrainz.org/release/1ae5b83c-8b57-4ece-b16b-c6fd6b46d260,2026-10-04,
2013.06.11 - 再见你好吗,*,barcode,4711448510025,https://musicbrainz.org/release/1ae5b83c-8b57-4ece-b16b-c6fd6b46d260,2026-10-04,
2013.06.11 - 再见你好吗,*,matched_title,再見你好嗎,https://musicbrainz.org/release/1ae5b83c-8b57-4ece-b16b-c6fd6b46d260,2026-10-04,
2013.06.11 - 再见你好吗,*,date,2013-06-11,https://musicbrainz.org/release/1ae5b83c-8b57-4ece-b16b-c6fd6b46d260,2026-10-04,
2013.06.11 - 再见你好吗,*,year,2013,https://musicbrainz.org/release/1ae5b83c-8b57-4ece-b16b-c6fd6b46d260,2026-10-04,
