album,track,title,duration,file,md5
黑色柳丁,1,黑色柳丁(Black Tangerine),4:15,01 - 黑色柳丁(Black Tangerine).flac,ce313452e19c99f64eb3218658780ce6
黑色柳丁,2,今天晚间新闻(Today Evening News),2:12,02 - 今天晚间新闻(Today Evening News).flac,c523dc4f5e86ff9c27bce54e9e10a3f6
黑色柳丁,3,Dear God,5:29,03 - Dear God.flac,9db4d0c166dd8bf87e07726d97bcef5d
黑色柳丁,4,Angel,3:52,04 - Angel.flac,e2b114433b4d34105c620388a5958fe9
黑色柳丁,5,讨厌红楼梦(Let's Fall In Love),4:02,05 - 讨厌红楼梦(Let's Fall In Love).flac,c657dd8f03a17334bbcdc8d4933c6a1a
黑色柳丁,6,蝴蝶(Butterfly),4:43,06 - 蝴蝶(Butterfly).flac,980b44d1ce03daf96e066ef0aa3e18be
黑色柳丁,7,宫保鸡丁(Kung Pao Chicken),3:54,07 - 宫保鸡丁(Kung Pao Chicken).flac,d4fc9e009a2a5a0f1c8bbc73a5cdde9c
黑色柳丁,8,Melody,4:29,08 - Melody.flac,aff6863628b29440cc9882c02d27ff1f
黑色柳丁,9,月亮代表谁的心(Moon Over My Heart),3:24,09 - 月亮代表谁的心(Moon Over My Heart).flac,487f3ec5eb1cafb547cb996b97e8b0c4
黑色柳丁,10,二十二,4:21,10 - 二十二.flac,d483e6cbc4f8e60a2e9f6e65db08f9a8
黑色柳丁,11,My Anata,3:47,11 - My Anata.flac,eaa5340d8b1af69e780484ab0eba2510
黑色柳丁,12,摇篮曲(Lullaby),4:14,12 - 摇篮曲(Lullaby).flac,6f9b4927fb90b92fba9f4c7ba4ebbaa7
黑色柳丁,13,Katrina(Demo),4:26,13 - Katrina(Demo).flac,81d96b44321a64852cc35deba85134d9
