relpath,want_samples,decoded_frames,md5_match,status,detail
2005 - Soulboy/01.Prologue.flac,1924524,1924524,True,OK,
2005 - Soulboy/02.妹妹.flac,10025988,10025988,True,OK,
2005 - Soulboy/03.春風吹.flac,8845872,8845872,True,OK,
2005 - Soulboy/04.每天每天.flac,11056752,11056752,True,OK,
2005 - Soulboy/05.女人.flac,8522472,8522472,True,OK,
2005 - Soulboy/06.叫我怎麼說.flac,11129664,11129664,True,OK,
2005 - Soulboy/07.哪怕.flac,11447184,11447184,True,OK,
2005 - Soulboy/08.南音.flac,9519132,9519132,True,OK,
2005 - Soulboy/09.我們能不能.flac,10969728,10969728,True,OK,
2005 - Soulboy/10.跳.flac,9393888,9393888,True,OK,
2005 - Soulboy/11.總結.flac,11000304,11000304,True,OK,
2005 - Soulboy/12.趕場.flac,9429756,9429756,True,OK,
2005 - Soulboy/13.等著你回來.flac,9525600,9525600,True,OK,
2005 - Soulboy/14.认识你 (Hidden Track).flac,14607684,14607684,True,OK,
2008 - 橙月 Orange Moon[flac]/01.Singalongsong.flac,8757084,8757084,True,OK,
2008 - 橙月 Orange Moon[flac]/02.小小虫.flac,10589880,10589880,True,OK,
2008 - 橙月 Orange Moon[flac]/03.1234567.flac,9976008,9976008,True,OK,
2008 - 橙月 Orange Moon[flac]/04.黑白.flac,10214148,10214148,True,OK,
2008 - 橙月 Orange Moon[flac]/05.如果爱.flac,10976829,10976829,True,OK,
2008 - 橙月 Orange Moon[flac]/06.黑洞里.flac,9419172,9419172,True,OK,
2008 - 橙月 Orange Moon[flac]/07.三人游.flac,10470488,10470488,True,OK,
2008 - 橙月 Orange Moon[flac]/08.每个人都会.flac,7865676,7865676,True,OK,
2008 - 橙月 Orange Moon[flac]/09.100种表情.flac,9835476,9835476,True,OK,
2008 - 橙月 Orange Moon[flac]/10.爱我吧.flac,12658464,12658464,True,OK,
2008 - 橙月 Orange Moon[flac]/11.为你写的歌.flac,8751670,8751670,True,OK,
2008 - 橙月 Orange Moon[flac]/12.Orange Moon.flac,14796798,14796798,True,OK,
2011 - 15/01.Gotta Make A Change.flac,13048896,13048896,True,OK,
2011 - 15/02.昙花.flac,9440340,9440340,True,OK,
2011 - 15/03.张永成 (feat. Ghost Style).flac,8165556,8165556,True,OK,
2011 - 15/04.因为你.flac,9914856,9914856,True,OK,
2011 - 15/05.情胜策略.flac,10730412,10730412,True,OK,
2011 - 15/06.无菇朋友.flac,7364112,7364112,True,OK,
2011 - 15/07.自以为 (feat.徐佳莹).flac,9706704,9706704,True,OK,
2011 - 15/08.二人游.flac,7902132,7902132,True,OK,
2011 - 15/09.Over.flac,14056728,14056728,True,OK,
2011 - 15/10.Take Me.flac,8907024,8907024,True,OK,
2011 - 15/11.好不容易.flac,16758000,16758000,True,OK,
2011 - 15/12.Over Reprise.flac,7384766,7384766,True,OK,
2013 - The Soulboy Collection/Disc 1/01.妹妹.flac,10025988,10025988,True,OK,
2013 - The Soulboy Collection/Disc 1/02.春風吹.flac,8845872,8845872,True,OK,
2013 - The Soulboy Collection/Disc 1/03.南音.flac,9519132,9519132,True,OK,
2013 - The Soulboy Collection/Disc 1/04.我們能不能.flac,10969728,10969728,True,OK,
2013 - The Soulboy Collection/Disc 1/05.每天每天.flac,11056752,11056752,True,OK,
2013 - The Soulboy Collection/Disc 1/06.愛愛愛.flac,9405060,9405060,True,OK,
2013 - The Soulboy Collection/Disc 1/07.蘇麗珍.flac,9573816,9573816,True,OK,
2013 - The Soulboy Collection/Disc 1/08.四人遊.flac,10067736,10067736,True,OK,
2013 - The Soulboy Collection/Disc 1/09.詩人的情人.flac,10209444,10209444,True,OK,
2013 - The Soulboy Collection/Disc 1/10.歌手與模特兒.flac,9777264,9777264,True,OK,
2013 - The Soulboy Collection/Disc 1/11.Love Song.flac,11875836,11875836,True,OK,
2013 - The Soulboy Collection/Disc 1/12.夠不夠.flac,9841356,9841356,True,OK,
2013 - The Soulboy Collection/Disc 1/13.Sorry.flac,9819012,9819012,True,OK,
2013 - The Soulboy Collection/Disc 1/14.公園.flac,10642800,10642800,True,OK,
2013 - The Soulboy Collection/Disc 1/15.愛在.flac,10748640,10748640,True,OK,
2013 - The Soulboy Collection/Disc 1/16.Singalongsong.flac,8757084,8757084,True,OK,
2013 - The Soulboy Collection/Disc 1/17.小小蟲.flac,10589880,10589880,True,OK,
2013 - The Soulboy Collection/Disc 1/18.每個人都會.flac,7865676,7865676,True,OK,
2013 - The Soulboy Collection/Disc 2/01.三人遊.flac,10470516,10470516,True,OK,
2013 - The Soulboy Collection/Disc 2/02.1234567.flac,9976008,9976008,True,OK,
2013 - The Soulboy Collection/Disc 2/03.Nothing’s Gonna Change My Love for You.flac,9236304,9236304,True,OK,
2013 - The Soulboy Collection/Disc 2/04.月亮代表我的心.flac,9029328,9029328,True,OK,
2013 - The Soulboy Collection/Disc 2/05.紅豆.flac,10411716,10411716,True,OK,
2013 - The Soulboy Collection/Disc 2/06.Wonderful Tonight.flac,9881340,9881340,True,OK,
2013 - The Soulboy Collection/Disc 2/07.You Are the Sunshine of My Life.flac,8093232,8093232,True,OK,
2013 - The Soulboy Collection/Disc 2/08.張永成.flac,8165556,8165556,True,OK,
2013 - The Soulboy Collection/Disc 2/09.自以為.flac,9706704,9706704,True,OK,
2013 - The Soulboy Collection/Disc 2/10.好不容易.flac,16758000,16758000,True,OK,
2013 - The Soulboy Collection/Disc 2/11.因為你.flac,9914856,9914856,True,OK,
2013 - The Soulboy Collection/Disc 2/12.情勝策略.flac,10730412,10730412,True,OK,
2013 - The Soulboy Collection/Disc 2/13.千紙鶴.flac,10858806,10858806,True,OK,
2013 - The Soulboy Collection/Disc 2/14.Romeo.flac,9348024,9348024,True,OK,
2013 - The Soulboy Collection/Disc 2/15.愛立刻.flac,11450124,11450124,True,OK,
2013 - The Soulboy Collection/Disc 2/16.BB88.flac,8762940,8762940,True,OK,
2013 - The Soulboy Collection/Disc 2/17.關於愛的定義.flac,10545192,10545192,True,OK,
2013 - The Soulboy Collection/Disc 2/18.玩樂.flac,10278315,10278315,True,OK,
2016-JTW 西游记（BLACK）[flac]/01.悟空.flac,11388954,11388954,True,OK,
2016-JTW 西游记（BLACK）[flac]/02.Flow.flac,10200606,10200606,True,OK,
2016-JTW 西游记（BLACK）[flac]/03.听.flac,9362636,9362636,True,OK,
2016-JTW 西游记（BLACK）[flac]/04.味道.flac,11024394,11024394,True,OK,
2016-JTW 西游记（BLACK）[flac]/05.Ring Finger.flac,12542610,12542610,True,OK,
2016-JTW 西游记（BLACK）[flac]/06.NMW.flac,11793498,11793498,True,OK,
2016-JTW 西游记（BLACK）[flac]/07.笑开.flac,9026370,9026370,True,OK,
2016-JTW 西游记（BLACK）[flac]/08.梦蝴蝶.flac,11554770,11554770,True,OK,
2016-JTW 西游记（BLACK）[flac]/09.Love You So Much.flac,11677662,11677662,True,OK,
2016-JTW 西游记（BLACK）[flac]/10.醉.flac,11762922,11762922,True,OK,
2016-JTW 西游记（GOLD）[flac]/01.All Night.flac,9485010,9485010,True,OK,
2016-JTW 西游记（GOLD）[flac]/02.Right Girl.flac,9083406,9083406,True,OK,
2016-JTW 西游记（GOLD）[flac]/03.Run From Your Love.flac,12149826,12149826,True,OK,
2016-JTW 西游记（GOLD）[flac]/04.烦.flac,12470612,12470612,True,OK,
2016-JTW 西游记（GOLD）[flac]/05.Once.flac,7580478,7580478,True,OK,
2016-JTW 西游记（GOLD）[flac]/06.无所谓.flac,11707062,11707062,True,OK,
2016-JTW 西游记（GOLD）[flac]/07.黑夜.flac,13822686,13822686,True,OK,
2016-JTW 西游记（GOLD）[flac]/08.很不低调.flac,11953434,11953434,True,OK,
2016-JTW 西游记（GOLD）[flac]/09.放不过自己.flac,12669030,12669030,True,OK,
2016-JTW 西游记（GOLD）[flac]/10.As I Do.flac,11130234,11130234,True,OK,
Timeless 可啦思刻/01.You Are the Sunshine of My Life.flac,8093245,8093245,True,OK,
Timeless 可啦思刻/02.Nothing's Gonna Change My Love For You.flac,9236317,9236317,True,OK,
Timeless 可啦思刻/03.Bad.flac,9342724,9342724,True,OK,
Timeless 可啦思刻/04.狂潮.flac,5919984,5919984,True,OK,
Timeless 可啦思刻/05.La Bamba.flac,13329372,13329372,True,OK,
Timeless 可啦思刻/06.红豆.flac,10411740,10411740,True,OK,
Timeless 可啦思刻/07.Georgia On My Mind.flac,9930141,9930141,True,OK,
Timeless 可啦思刻/08.记得.flac,9992512,9992512,True,OK,
Timeless 可啦思刻/09.Wonderful Tonight.flac,9881361,9881361,True,OK,
Timeless 可啦思刻/10.Moon River.flac,8162619,8162619,True,OK,
Timeless 可啦思刻/11.月亮代表我的心.flac,8851456,8851456,True,OK,
Timeless演唱会 2CD/CD1/01.Introlude (Timeless Live 2009).flac,1464120,1464120,True,OK,
Timeless演唱会 2CD/CD1/02.Bad (Live).flac,12233928,12233928,True,OK,
Timeless演唱会 2CD/CD1/03.1234567 (Live).flac,10564596,10564596,True,OK,
Timeless演唱会 2CD/CD1/04.如果爱 (Live).flac,12126309,12126309,True,OK,
Timeless演唱会 2CD/CD1/05.记得 (Live).flac,9946622,9946622,True,OK,
Timeless演唱会 2CD/CD1/06.Nothing’s Gonna Change My Love For You (Live).flac,9298044,9298044,True,OK,
Timeless演唱会 2CD/CD1/07.春风吹 (Live).flac,7843934,7843934,True,OK,
Timeless演唱会 2CD/CD1/08.Billie Jean (Timeless Live 2009).flac,12881904,12881904,True,OK,
Timeless演唱会 2CD/CD1/09.Who Is It (Timeless Live 2009).flac,4559352,4559352,True,OK,
Timeless演唱会 2CD/CD1/10.歌手与模特儿 (Live).flac,10211222,10211222,True,OK,
Timeless演唱会 2CD/CD1/11.每个人都会 (Live).flac,10494609,10494609,True,OK,
Timeless演唱会 2CD/CD1/12.南音 (Live).flac,12713148,12713148,True,OK,
Timeless演唱会 2CD/CD1/13.Love Song (Live).flac,11912865,11912865,True,OK,
Timeless演唱会 2CD/CD1/14.红豆 (Timeless Live 2009).flac,10754520,10754520,True,OK,
Timeless演唱会 2CD/CD1/15.Georgia On My Mind (Live).flac,14149044,14149044,True,OK,
Timeless演唱会 2CD/CD1/16.Moon River (Live).flac,8356068,8356068,True,OK,
Timeless演唱会 2CD/CD1/17.Wonderful Tonight (Live).flac,10462284,10462284,True,OK,
Timeless演唱会 2CD/CD2/01.三人游 (Live).flac,13680393,13680393,True,OK,
Timeless演唱会 2CD/CD2/02.爱我吧 (Live).flac,11313105,11313105,True,OK,
Timeless演唱会 2CD/CD2/03.黑白 (Live).flac,10805676,10805676,True,OK,
Timeless演唱会 2CD/CD2/04.Let's Stay Together (Timeless Live 2009).flac,11159064,11159064,True,OK,
Timeless演唱会 2CD/CD2/05.公园 (Live).flac,10590468,10590468,True,OK,
Timeless演唱会 2CD/CD2/06.拖男带女 (Live).flac,9238068,9238068,True,OK,
Timeless演唱会 2CD/CD2/07.简单最浪漫 (Live).flac,12141024,12141024,True,OK,
Timeless演唱会 2CD/CD2/08.未来 (Timeless Live 2009).flac,22055292,22055292,True,OK,
Timeless演唱会 2CD/CD2/09.Free Jam (Timeless Live 2009).flac,5316696,5316696,True,OK,
Timeless演唱会 2CD/CD2/10.La Bamba (Live).flac,10504032,10504032,True,OK,
Timeless演唱会 2CD/CD2/11.You Are the Sunshine of My Life (Live).flac,30136749,30136749,True,OK,
Timeless演唱会 2CD/CD2/12.Singalongsong (Live).flac,8616552,8616552,True,OK,
Timeless演唱会 2CD/CD2/13.爱爱爱 (Live).flac,9433298,9433298,True,OK,
Timeless演唱会 2CD/CD2/14.Outrolude (Timeless Live 2009).flac,4056024,4056024,True,OK,
危险世界/01.Welcome.flac,310669,310669,True,OK,
危险世界/02.危险世界.flac,16504572,16504572,True,OK,
危险世界/03.Peace (Feat. Tia Ray).flac,14644624,14644624,True,OK,
危险世界/04.小方.flac,10279809,10279809,True,OK,
危险世界/05.Soundcheck.flac,1507475,1507475,True,OK,
危险世界/06.黑白灰.flac,9392767,9392767,True,OK,
危险世界/07.桃花运.flac,8971384,8971384,True,OK,
危险世界/08.特别的人.flac,11425428,11425428,True,OK,
危险世界/09.Weather Report.flac,2693628,2693628,True,OK,
危险世界/10.天气先生.flac,11975208,11975208,True,OK,
危险世界/11.枫叶做的风铃.flac,9971163,9971163,True,OK,
危险世界/12.Boarding.flac,928452,928452,True,OK,
危险世界/13.巴黎.flac,11158476,11158476,True,OK,
危险世界/14.爱不来 (feat. 葛仲珊).flac,12357408,12357408,True,OK,
危险世界/15.僵尸.flac,12791352,12791352,True,OK,
危险世界/16.Lights Up.flac,44817948,44817948,True,OK,
回到未来/01.Can You Feel The Music.flac,7174776,7174776,True,OK,
回到未来/02.I Want You Back.flac,11448948,11448948,True,OK,
回到未来/03.你就是.flac,9929556,9929556,True,OK,
回到未来/04.千纸鹤.flac,10858806,10858806,True,OK,
回到未来/05.关于爱的定义.flac,10545192,10545192,True,OK,
回到未来/06.麦恩莉.flac,12716676,12716676,True,OK,
回到未来/07.孤独孩儿.flac,9553236,9553236,True,OK,
回到未来/08.Romeo.flac,9348024,9348024,True,OK,
回到未来/09.妈妈说.flac,10899756,10899756,True,OK,
回到未来/10.爱立刻.flac,11551899,11551899,True,OK,
回到未来/11.BB88.flac,8762940,8762940,True,OK,
未来/01.Love Song.flac,11875836,11875836,True,OK,
未来/02.够不够.flac,9841356,9841356,True,OK,
未来/03.暖.flac,9878400,9878400,True,OK,
未来/04.爱在.flac,10748640,10748640,True,OK,
未来/05.公园.flac,10642800,10642800,True,OK,
未来/06.简单最浪漫.flac,11147892,11147892,True,OK,
未来/07.十九八七….flac,13793892,13793892,True,OK,
未来/08.未来.flac,7996800,7996800,True,OK,
未来/09.忘了美丽.flac,11859372,11859372,True,OK,
未来/10.Sorry.flac,9819012,9819012,True,OK,
未来/11.爱爱爱 (Acounstic Version).flac,9933084,9933084,True,OK,
梦想家 The Dreamer/01.XZMHXDXH.flac,10007889,10007889,True,OK,
梦想家 The Dreamer/02.江湖中人.flac,8963140,8963140,True,OK,
梦想家 The Dreamer/03.GF.flac,13659707,13659707,True,OK,
梦想家 The Dreamer/04.Tango.flac,7878324,7878324,True,OK,
梦想家 The Dreamer/05.才二十三.flac,10775942,10775942,True,OK,
梦想家 The Dreamer/06.谁知爱是什么.flac,8771630,8771630,True,OK,
梦想家 The Dreamer/07.我不是农人.flac,9124747,9124747,True,OK,
梦想家 The Dreamer/08.那沙漠里的水.flac,7728001,7728001,True,OK,
梦想家 The Dreamer/09.回留.flac,11344494,11344494,True,OK,
梦想家 The Dreamer/10.没啥好说.flac,10071337,10071337,True,OK,
爱爱爱/01.爱爱爱.flac,9405060,9405060,True,OK,
爱爱爱/02.苏丽珍.flac,9573816,9573816,True,OK,
爱爱爱/03.歌手与模特儿.flac,9777264,9777264,True,OK,
爱爱爱/04.唉!.flac,9733164,9733164,True,OK,
爱爱爱/05.四人游.flac,10067736,10067736,True,OK,
爱爱爱/06.手拖手.flac,7223580,7223580,True,OK,
爱爱爱/07.偷笑.flac,10011288,10011288,True,OK,
爱爱爱/08.Goodbye Melody Rose.flac,8246700,8246700,True,OK,
爱爱爱/09.诗人的情人.flac,10209444,10209444,True,OK,
爱爱爱/10.拖男带女.flac,12987156,12987156,True,OK,
爱爱爱/11.Love Outrolude (Instrumental).flac,4057200,4057200,True,OK,
爱爱爱/12.If You Leave Me Now.flac,9833712,9833712,True,OK,
爱爱爱/13.春风吹之吹吹风mix.flac,9004044,9004044,True,OK,
