relpath,album,size_bytes,magic_ok,probe_format,audio_codec,n_streams,extra_streams,sample_rate,bits_per_sample,channels,duration_s,total_samples,streaminfo_md5,file_sha256,decode_ok,decode_errors,pictures,picture_summary,tag_keys,error
2005 - Soulboy/01 Prologue.flac,2005 - Soulboy,3648104,True,flac,flac,2,video/png,44100,16,2,43.64,1924524,4e324489d9e0830ac2d5f4f494f3ace0,2911dbfb2bd0419817a755e5952fbe6afba9df06167cedd9946fb610f2c81f93,True,,1,type=3 image/png 500x500 412319B,acoustid_id; album; albumartist; albumartistsort; artist; artists; artistsort; bpm; catalognumber; copyright; date; discnumber; disctotal; isrc; itunesadvisory; label; lyrics; media; musicbrainz_albumartistid; musicbrainz_albumid; musicbrainz_artistid; musicbrainz_releasegroupid; musicbrainz_releasetrackid; musicbrainz_trackid; originaldate; originalyear; releasecountry; releasestatus; releasetype; replaygain_album_gain; replaygain_album_peak; replaygain_track_gain; replaygain_track_peak; script; title; totaldiscs; totaltracks; tracknumber; tracktotal,
2005 - Soulboy/02 妹妹.flac,2005 - Soulboy,23668593,True,flac,flac,2,video/png,44100,16,2,227.347,10025988,d2d9ebe1fc551a18fd8e05b87f4f6045,d10514e7505af7201e93e18a877fe301c13f278300b5fc9056f70d25dc8f0fee,True,,1,type=3 image/png 500x500 412319B,acoustid_id; album; albumartist; albumartistsort; artist; artists; artistsort; bpm; catalognumber; copyright; date; discnumber; disctotal; isrc; itunesadvisory; label; lyrics; media; musicbrainz_albumartistid; musicbrainz_albumid; musicbrainz_artistid; musicbrainz_releasegroupid; musicbrainz_releasetrackid; musicbrainz_trackid; originaldate; originalyear; releasecountry; releasestatus; releasetype; replaygain_album_gain; replaygain_album_peak; replaygain_track_gain; replaygain_track_peak; script; title; totaldiscs; totaltracks; tracknumber; tracktotal,
2005 - Soulboy/03 春風吹.flac,2005 - Soulboy,19430243,True,flac,flac,2,video/png,44100,16,2,200.587,8845872,aa39d68ea24d6dd167021192725652b6,137ea606090dc4df913725c8baf58b04347e4e0a15ea12fdc3b3a79496d3ef8f,True,,1,type=3 image/png 500x500 412319B,acoustid_id; album; albumartist; albumartistsort; artist; artists; artistsort; bpm; catalognumber; copyright; date; discnumber; disctotal; isrc; itunesadvisory; label; lyrics; media; musicbrainz_albumartistid; musicbrainz_albumid; musicbrainz_artistid; musicbrainz_releasegroupid; musicbrainz_releasetrackid; musicbrainz_trackid; originaldate; originalyear; releasecountry; releasestatus; releasetype; replaygain_album_gain; replaygain_album_peak; replaygain_track_gain; replaygain_track_peak; script; title; totaldiscs; totaltracks; tracknumber; tracktotal,
2005 - Soulboy/04 每天每天.flac,2005 - Soulboy,27630323,True,flac,flac,2,video/png,44100,16,2,250.72,11056752,ae8fa342a9251289dcc893a65ac680bd,857429690e93c42bb9cdeafb901b7bb9074574ced57500891c3f9a245688677b,True,,1,type=3 image/png 500x500 412319B,acoustid_id; album; albumartist; albumartistsort; artist; artists; artistsort; bpm; catalognumber; copyright; date; discnumber; disctotal; isrc; itunesadvisory; label; lyrics; media; musicbrainz_albumartistid; musicbrainz_albumid; musicbrainz_artistid; musicbrainz_releasegroupid; musicbrainz_releasetrackid; musicbrainz_trackid; originaldate; originalyear; releasecountry; releasestatus; releasetype; replaygain_album_gain; replaygain_album_peak; replaygain_track_gain; replaygain_track_peak; script; title; totaldiscs; totaltracks; tracknumber; tracktotal,
2005 - Soulboy/05 女人.flac,2005 - Soulboy,19860794,True,flac,flac,2,video/png,44100,16,2,193.253,8522472,a28b274009c080706dfa01be0890f32a,ee1cbef860e41bdb7a45db18cc9f62602ee344418f30d540324caec2f205d9f4,True,,1,type=3 image/png 500x500 412319B,acoustid_id; album; albumartist; albumartistsort; artist; artists; artistsort; bpm; catalognumber; copyright; date; discnumber; disctotal; isrc; itunesadvisory; label; lyrics; media; musicbrainz_albumartistid; musicbrainz_albumid; musicbrainz_artistid; musicbrainz_releasegroupid; musicbrainz_releasetrackid; musicbrainz_trackid; originaldate; originalyear; releasecountry; releasestatus; releasetype; replaygain_album_gain; replaygain_album_peak; replaygain_track_gain; replaygain_track_peak; script; title; totaldiscs; totaltracks; tracknumber; tracktotal,
2005 - Soulboy/06 叫我怎麼說.flac,2005 - Soulboy,25200618,True,flac,flac,2,video/png,44100,16,2,252.373,11129664,172287d3769a72fbb030e31203d16775,dd129dc7be2d45a505e1d4b19663a5cb1f5516076cbff9cdb716d18cd53b1989,True,,1,type=3 image/png 500x500 412319B,acoustid_id; album; albumartist; albumartistsort; artist; artists; artistsort; catalognumber; copyright; date; discnumber; disctotal; isrc; itunesadvisory; label; lyrics; media; musicbrainz_albumartistid; musicbrainz_albumid; musicbrainz_artistid; musicbrainz_releasegroupid; musicbrainz_releasetrackid; musicbrainz_trackid; originaldate; originalyear; releasecountry; releasestatus; releasetype; replaygain_album_gain; replaygain_album_peak; replaygain_track_gain; replaygain_track_peak; script; title; totaldiscs; totaltracks; tracknumber; tracktotal,
2005 - Soulboy/07 哪怕.flac,2005 - Soulboy,23854674,True,flac,flac,2,video/png,44100,16,2,259.573,11447184,8f2472ab26d9e176fde8a6e326b6fab8,d44743fcd4c4cca1b6cf309a50addccfe4fcd5f2a771adef45939abb2ce3c541,True,,1,type=3 image/png 500x500 412319B,acoustid_id; album; albumartist; albumartistsort; artist; artists; artistsort; bpm; catalognumber; copyright; date; discnumber; disctotal; isrc; itunesadvisory; label; lyrics; media; musicbrainz_albumartistid; musicbrainz_albumid; musicbrainz_artistid; musicbrainz_releasegroupid; musicbrainz_releasetrackid; musicbrainz_trackid; originaldate; originalyear; releasecountry; releasestatus; releasetype; replaygain_album_gain; replaygain_album_peak; replaygain_track_gain; replaygain_track_peak; script; title; totaldiscs; totaltracks; tracknumber; tracktotal,
2005 - Soulboy/08 南音.flac,2005 - Soulboy,22742691,True,flac,flac,2,video/png,44100,16,2,215.853,9519132,a3460d058460462bd8760f0182e21181,1f354fc7233a3ece9a734f4551bc1aa247c95b597eb3e4885dd5b12a61abdb62,True,,1,type=3 image/png 500x500 412319B,acoustid_id; album; albumartist; albumartistsort; artist; artists; artistsort; bpm; catalognumber; copyright; date; discnumber; disctotal; isrc; itunesadvisory; label; lyrics; media; musicbrainz_albumartistid; musicbrainz_albumid; musicbrainz_artistid; musicbrainz_releasegroupid; musicbrainz_releasetrackid; musicbrainz_trackid; originaldate; originalyear; releasecountry; releasestatus; releasetype; replaygain_album_gain; replaygain_album_peak; replaygain_track_gain; replaygain_track_peak; script; title; totaldiscs; totaltracks; tracknumber; tracktotal,
2005 - Soulboy/09 我們能不能.flac,2005 - Soulboy,27825000,True,flac,flac,2,video/png,44100,16,2,248.747,10969728,3fd896ac076d99c80c30efa5a6cf2c5a,3db5bd6c9f20480ac70d0a14b9595b24d6c40e8bb9a125a4ae886c4bea07debc,True,,1,type=3 image/png 500x500 412319B,acoustid_id; album; albumartist; albumartistsort; artist; artists; artistsort; bpm; catalognumber; copyright; date; discnumber; disctotal; isrc; itunesadvisory; label; lyrics; media; musicbrainz_albumartistid; musicbrainz_albumid; musicbrainz_artistid; musicbrainz_releasegroupid; musicbrainz_releasetrackid; musicbrainz_trackid; originaldate; originalyear; releasecountry; releasestatus; releasetype; replaygain_album_gain; replaygain_album_peak; replaygain_track_gain; replaygain_track_peak; script; title; totaldiscs; totaltracks; tracknumber; tracktotal,
2005 - Soulboy/10 跳.flac,2005 - Soulboy,24924661,True,flac,flac,2,video/png,44100,16,2,213.013,9393888,c52495e97fc7b6280e719012a32fa32f,e31be7acdff11119c807f804b41d959de7ac9d7a33e591b34add78e7706670ad,True,,1,type=3 image/png 500x500 412319B,acoustid_id; album; albumartist; albumartistsort; artist; artists; artistsort; bpm; catalognumber; copyright; date; discnumber; disctotal; isrc; itunesadvisory; label; lyrics; media; musicbrainz_albumartistid; musicbrainz_albumid; musicbrainz_artistid; musicbrainz_releasegroupid; musicbrainz_releasetrackid; musicbrainz_trackid; originaldate; originalyear; releasecountry; releasestatus; releasetype; replaygain_album_gain; replaygain_album_peak; replaygain_track_gain; replaygain_track_peak; script; title; totaldiscs; totaltracks; tracknumber; tracktotal,
2005 - Soulboy/11 總結.flac,2005 - Soulboy,26816526,True,flac,flac,2,video/png,44100,16,2,249.44,11000304,12275d11523807d1e3db2821da346545,a5a0d585a184f3a924e7df151a2e8edafb56e22b969804acec0fac4094160889,True,,1,type=3 image/png 500x500 412319B,acoustid_id; album; albumartist; albumartistsort; artist; artists; artistsort; bpm; catalognumber; copyright; date; discnumber; disctotal; isrc; itunesadvisory; label; lyrics; media; musicbrainz_albumartistid; musicbrainz_albumid; musicbrainz_artistid; musicbrainz_releasegroupid; musicbrainz_releasetrackid; musicbrainz_trackid; originaldate; originalyear; releasecountry; releasestatus; releasetype; replaygain_album_gain; replaygain_album_peak; replaygain_track_gain; replaygain_track_peak; script; title; totaldiscs; totaltracks; tracknumber; tracktotal,
2005 - Soulboy/12 趕場.flac,2005 - Soulboy,21447660,True,flac,flac,2,video/png,44100,16,2,213.827,9429756,543c5f6ce8ec9511e2c5b92dc5de81f2,6e1e997aac2682b1fffb452f7e118265f1dab8e807ee8daec95424b8834d9501,True,,1,type=3 image/png 500x500 412319B,acoustid_id; album; albumartist; albumartistsort; artist; artists; artistsort; bpm; catalognumber; copyright; date; discnumber; disctotal; isrc; itunesadvisory; label; lyrics; media; musicbrainz_albumartistid; musicbrainz_albumid; musicbrainz_artistid; musicbrainz_releasegroupid; musicbrainz_releasetrackid; musicbrainz_trackid; originaldate; originalyear; releasecountry; releasestatus; releasetype; replaygain_album_gain; replaygain_album_peak; replaygain_track_gain; replaygain_track_peak; script; title; totaldiscs; totaltracks; tracknumber; tracktotal,
2005 - Soulboy/13 等著你回來.flac,2005 - Soulboy,24581759,True,flac,flac,2,video/png,44100,16,2,216.0,9525600,c4f1b1f15eae72efe5cbd4a007f7fbbd,8a86f84a40078acda9e5cac2d8b00ad25f9f7fe729e49e41ac1c32bbb7ccc3c1,True,,1,type=3 image/png 500x500 412319B,acoustid_id; album; albumartist; albumartistsort; artist; artists; artistsort; bpm; catalognumber; copyright; date; discnumber; disctotal; isrc; itunesadvisory; label; media; musicbrainz_albumartistid; musicbrainz_albumid; musicbrainz_artistid; musicbrainz_releasegroupid; musicbrainz_releasetrackid; musicbrainz_trackid; originaldate; originalyear; releasecountry; releasestatus; releasetype; replaygain_album_gain; replaygain_album_peak; replaygain_track_gain; replaygain_track_peak; script; title; totaldiscs; totaltracks; tracknumber; tracktotal,
2005 - Soulboy/14 认识你 (Hidden Track).flac,2005 - Soulboy,36268565,True,flac,flac,2,video/png,44100,16,2,331.24,14607684,66801835afd9fd45326a10431c90be16,d6d57faeb5317c6692ff3a09fd0928037853444f0b3576715e52b15a9ffb1594,True,,1,type=3 image/png 500x500 412319B,acoustid_id; album; albumartist; albumartistsort; artist; artists; artistsort; bpm; catalognumber; copyright; date; discnumber; disctotal; isrc; itunesadvisory; label; lyrics; media; musicbrainz_albumartistid; musicbrainz_albumid; musicbrainz_artistid; musicbrainz_releasegroupid; musicbrainz_releasetrackid; musicbrainz_trackid; originaldate; originalyear; releasecountry; releasestatus; releasetype; replaygain_album_gain; replaygain_album_peak; replaygain_track_gain; replaygain_track_peak; script; title; totaldiscs; totaltracks; tracknumber; tracktotal,
2008 - 橙月 Orange Moon[flac]/01.Singalongsong.flac,2008 - 橙月 Orange Moon[flac],20774912,True,flac,flac,1,,44100,16,2,198.574,8757106,f99315dfb30dc53d85cea134281d1ea6,320233244daa57c5724cadd3fec523cd70fdc0003bd9830d14a28954cb111223,False,"[flac @ 0000026cd21b3740] invalid residual
[flac @ 0000026cd21b3740] decode_frame() failed
[aist#0:0/flac @ 0000026cd21aa600] [dec:flac @ 0000026cd21aa7c0] Decoding error: Invalid data found when processing input",0,,album; artist; encoder; title; tracknumber,
2008 - 橙月 Orange Moon[flac]/02.小小虫.flac,2008 - 橙月 Orange Moon[flac],27579313,True,flac,flac,1,,44100,16,2,240.133,10589880,a64ae3ffddcaf9d1ee233f6bc648387e,72ecefda554dbdf4bfb4d925263229157e5337689481143cbf1b02f569fc57c6,True,,0,,album; artist; title; tracknumber,
2008 - 橙月 Orange Moon[flac]/03.1234567.flac,2008 - 橙月 Orange Moon[flac],27656192,True,flac,flac,1,,44100,16,2,226.214,9976028,9eef2b65a1f5707faf2ab99a445d0c4d,4487da4739f80ffaba1829fe94c91144c7108c1bb413eeeb1423079ff321ac8f,False,"[flac @ 0000027240390140] invalid residual
[flac @ 0000027240390140] decode_frame() failed
[aist#0:0/flac @ 000002723e319500] [dec:flac @ 000002723e3197c0] Decoding error: Invalid data found when processing input",0,,album; artist; encoder; title; tracknumber,
2008 - 橙月 Orange Moon[flac]/04.黑白.flac,2008 - 橙月 Orange Moon[flac],24969216,True,flac,flac,1,,44100,16,2,231.614,10214169,2afca43e97c5a77570274aef531daa43,a24634e21175f20d22a68f46d09ca0f6347f82968e6952c228c632f91d4995a5,False,"[flac @ 00000217b6f14f00] invalid residual
[flac @ 00000217b6f14f00] decode_frame() failed
[aist#0:0/flac @ 00000217b6f0dd40] [dec:flac @ 00000217b6f13840] Decoding error: Invalid data found when processing input",0,,album; artist; encoder; title; tracknumber,
2008 - 橙月 Orange Moon[flac]/05.如果爱.flac,2008 - 橙月 Orange Moon[flac],27195783,True,flac,flac,1,,44100,16,2,248.908,10976829,c4a57c4accc90184dad154923d12e059,dde0a206f7a0eb71c6482dbd25a95ad142d5efab93c3dc194d84954b57a63eae,False,"[flac @ 00000214d2aa9280] invalid sync code
[flac @ 00000214d2aa9280] invalid frame header
[flac @ 00000214d2aa9280] decode_frame() failed
[aist#0:0/flac @ 00000214d2a5a800] [dec:flac @ 00000214d2a5a9c0] Decoding error: Invalid data found when processing input",0,,album; artist; title; tracknumber,
2008 - 橙月 Orange Moon[flac]/06.黑洞里.flac,2008 - 橙月 Orange Moon[flac],23625728,True,flac,flac,1,,44100,16,2,213.587,9419193,b0eb28b7511922eb1c74c163e88ffe7c,5b910997079df41486a111d1a2ee1a0276efffab20981fc45b5598f59a426f82,False,"[flac @ 0000019d383a4a80] invalid residual
[flac @ 0000019d383a4a80] decode_frame() failed
[aist#0:0/flac @ 0000019d3839e280] [dec:flac @ 0000019d383a3480] Decoding error: Invalid data found when processing input",0,,album; artist; encoder; title; tracknumber,
2008 - 橙月 Orange Moon[flac]/07.三人游.flac,2008 - 橙月 Orange Moon[flac],26009455,True,flac,flac,1,,44100,16,2,237.426,10470488,66c7691f7a870a28a3b3676b5e59eb1a,8316acc29f64c0362f1e51c6de220678c4f3675f98b90664e3791416a94c0452,True,,0,,album; artist; encoder; title; tracknumber,
2008 - 橙月 Orange Moon[flac]/08.每个人都会.flac,2008 - 橙月 Orange Moon[flac],19103744,True,flac,flac,1,,44100,16,2,178.36,7865696,98e26776f7ff00097eb1ebe67799dad9,bc6bc5b6ee1afa321b11015a0045b2bb5b6d068190e3995019ea89d014ddc653,False,"[flac @ 000001e0eb443600] invalid residual
[flac @ 000001e0eb443600] decode_frame() failed
[aist#0:0/flac @ 000001e0eb439780] [dec:flac @ 000001e0eb439980] Decoding error: Invalid data found when processing input",0,,album; artist; encoder; title; tracknumber,
2008 - 橙月 Orange Moon[flac]/09.100种表情.flac,2008 - 橙月 Orange Moon[flac],24608768,True,flac,flac,1,,44100,16,2,223.027,9835510,56ce5e40239809c121df76120fdecce2,3de303239d394fe08cbe3234e1416ef4ab57d0abcd091232b3e0aec2cf7c0e6d,False,"[flac @ 000002a4c7754940] invalid residual
[flac @ 000002a4c7754940] decode_frame() failed
[aist#0:0/flac @ 000002a4c5699dc0] [dec:flac @ 000002a4c5699fc0] Decoding error: Invalid data found when processing input",0,,album; artist; encoder; title; tracknumber,
2008 - 橙月 Orange Moon[flac]/10.爱我吧.flac,2008 - 橙月 Orange Moon[flac],28016640,True,flac,flac,1,,44100,16,2,287.041,12658502,3acdc8d621347a6c2548c73b852821ed,0338c8e3ccc156982723e56ab87ccc897ba310f97842834152453d70cda03975,False,"[flac @ 00000269e80e7780] invalid residual
[flac @ 00000269e80e7780] decode_frame() failed
[aist#0:0/flac @ 00000269e8099740] [dec:flac @ 00000269e8099900] Decoding error: Invalid data found when processing input",0,,album; artist; encoder; title; tracknumber,
2008 - 橙月 Orange Moon[flac]/11.为你写的歌.flac,2008 - 橙月 Orange Moon[flac],21004288,True,flac,flac,1,,44100,16,2,198.148,8738321,d7ac4141add1699a71a616ac362bf54f,175e66b6d7d8d8d888d668d60acdac6fb646f8508670ee98044bc616cbf6a176,False,"[flac @ 000001c338c9f680] invalid residual
[flac @ 000001c338c9f680] decode_frame() failed
[aist#0:0/flac @ 000001c338c5cfc0] [dec:flac @ 000001c338c5c240] Decoding error: Invalid data found when processing input",0,,album; artist; encoder; title; tracknumber,
2008 - 橙月 Orange Moon[flac]/12.Orange Moon.flac,2008 - 橙月 Orange Moon[flac],26418698,True,flac,flac,1,,44100,16,2,335.528,14796798,0e68b6ac36a256cff18ae77ef3568f01,5dcc4abcfccfdea6ebbbb8d614f643b469c6028773ec6e5909dce500d593a1e8,False,"[flac @ 000001dd78c2c840] invalid sync code
[flac @ 000001dd78c2c840] invalid frame header
[flac @ 000001dd78c2c840] decode_frame() failed
[aist#0:0/flac @ 000001dd76d0a640] [dec:flac @ 000001dd76d11a40] Decoding error: Invalid data found when processing input",0,,album; artist; title; tracknumber,
2011 - 15/01.Gotta Make A Change.flac,2011 - 15,31534213,True,flac,flac,1,,44100,16,2,295.893,13048896,9b613e76712ba040d5ac622a08d5e5fd,591a6b9185d2fdc2575b28bb634150ab636932408457eb07952c16e25193a73a,False,"[flac @ 000001ac94d23d80] invalid sync code
[flac @ 000001ac94d23d80] invalid frame header
[flac @ 000001ac94d23d80] decode_frame() failed
[aist#0:0/flac @ 000001ac94d1afc0] [dec:flac @ 000001ac94d21cc0] Decoding error: Invalid data found when processing input",0,,album; artist; description; title; tracknumber,
2011 - 15/02.昙花.flac,2011 - 15,25826070,True,flac,flac,1,,44100,16,2,214.067,9440340,9345b3936e99a670a4ed5611d47089a8,a725ad987c6545df8203f080a15c5748391e4682796580e8ee12531fed2aaff2,True,,0,,album; artist; description; encoder; title; tracknumber,
2011 - 15/03.张永成 (feat. Ghost Style).flac,2011 - 15,23220347,True,flac,flac,1,,44100,16,2,185.16,8165556,756c0ec96a0449b72f0d665b00130fc5,92913fac67d5fcf2ff41d42d8aebcca7b97862a37727c66fb91cd05946319deb,True,,0,,album; artist; description; encoder; title; tracknumber,
2011 - 15/04.因为你.flac,2011 - 15,24338074,True,flac,flac,1,,44100,16,2,224.827,9914856,9c9d0eb410c88d54efbc42b2986cd1d1,f605cf1775d18489cdc8f41c2e16d0a0e391998ea8e6e444d24d255640aa157a,True,,0,,album; artist; description; encoder; title; tracknumber,
2011 - 15/05.情胜策略.flac,2011 - 15,25991746,True,flac,flac,1,,44100,16,2,243.32,10730412,f0a7d9e9c870be3ec66b41913202beca,71e16c03f2cca67ec12222523697c41cdaf875c147f0fd205188e57c424a19b8,True,,0,,album; artist; description; encoder; title; tracknumber,
2011 - 15/06.无菇朋友.flac,2011 - 15,16152082,True,flac,flac,1,,44100,16,2,166.987,7364112,129543355285e57a414bbc838ad4ddab,3aafeb0fa4c77ec085a8ea1d9b4f423ff472e623c852fc21b3d18d005a88a254,True,,0,,album; artist; description; encoder; title; tracknumber,
2011 - 15/07.自以为 (feat.徐佳莹).flac,2011 - 15,24618468,True,flac,flac,1,,44100,16,2,220.107,9706704,a06e4404bd3e46816e83fc3111f397a6,995bdf363981d3e5e2ab90d1372fedf78c3aee7e9b9685c296a09b44200393bc,True,,0,,album; artist; description; encoder; title; tracknumber,
2011 - 15/08.二人游.flac,2011 - 15,16395979,True,flac,flac,1,,44100,16,2,179.187,7902132,2ddad404ad2a83aae6d3eafe11d4eccc,43e15193acbd10162f517a35014163ce6591948e047a0c0c111b42e9c91e6368,True,,0,,album; artist; description; encoder; title; tracknumber,
2011 - 15/09.Over.flac,2011 - 15,31472742,True,flac,flac,1,,44100,16,2,318.747,14056728,0dfdd05829c35e608289c87a0aef3bf1,ac833db6c48f757d811724435cff2c917045ab25bb86dc885dbe029e57d8f069,True,,0,,album; artist; description; encoder; title; tracknumber,
2011 - 15/10.Take Me.flac,2011 - 15,24351686,True,flac,flac,2,video/mjpeg,44100,16,2,201.973,8907024,4c0dd6d9ebbec7aa23753257c8efac7a,d972c11caab180aa5dba54c8e1c267b896278175b203c740f8a38055cd4b73a9,True,,1,type=3 image/jpeg 0x0 187287B,album; albumartist; artist; date; discnumber; disctotal; genre; media; musicbrainz_albumartistid; musicbrainz_albumid; musicbrainz_albumstatus; musicbrainz_albumtype; musicbrainz_artistid; musicbrainz_releasegroupid; musicbrainz_releasetrackid; musicbrainz_trackid; originaldate; originalyear; releasecountry; releasestatus; releasetype; title; totaldiscs; totaltracks; tracknumber; tracktotal,
2011 - 15/11.好不容易.flac,2011 - 15,43355832,True,flac,flac,1,,44100,16,2,380.0,16758000,b2015e56c8aa1e66f7039f35f61ca4f9,0f86f5535f623315fb6167e26402362672e0f5f11b0f796c254d07f8a26ac299,True,,0,,album; artist; description; encoder; title; tracknumber,
2011 - 15/12.Over Reprise.flac,2011 - 15,13362377,True,flac,flac,2,video/mjpeg,44100,16,2,167.455,7384766,8b703dc1ff42e401ce72e9e084a5667f,53075ca26bef606bb4865e1f9c6e0bdd68f8203818bb5e3afe4eec200f34261a,False,"[flac @ 0000023decb6c940] invalid sync code
[flac @ 0000023decb6c940] invalid frame header
[flac @ 0000023decb6c940] decode_frame() failed
[aist#0:0/flac @ 0000023decb2e400] [dec:flac @ 0000023decb6f180] Decoding error: Invalid data found when processing input",1,type=3 image/jpeg 500x375 60841B,album; albumartist; albumartistsort; artist; artists; artistsort; asin; date; discnumber; disctotal; musicbrainz_albumartistid; musicbrainz_albumid; musicbrainz_artistid; musicbrainz_releasegroupid; musicbrainz_releasetrackid; musicbrainz_trackid; originaldate; originalyear; releasecountry; releasestatus; releasetype; script; title; totaldiscs; totaltracks; tracknumber; tracktotal,
2013 - The Soulboy Collection/Disc 1/1-01-妹妹.flac,2013 - The Soulboy Collection,23427891,True,flac,flac,2,video/mjpeg,44100,16,2,227.347,10025988,d2d9ebe1fc551a18fd8e05b87f4f6045,74e37dcbd8ed7d56473bb837e14dd2a2ecb00e8e0e6e5996a2efb110806d0119,True,,1,type=3 image/jpeg 500x500 49979B,album; albumartist; albumartistsort; artist; artists; artistsort; asin; barcode; bpm; catalognumber; copyright; date; discnumber; disctotal; isrc; itunesadvisory; label; lyrics; media; musicbrainz_albumartistid; musicbrainz_albumid; musicbrainz_artistid; musicbrainz_releasegroupid; musicbrainz_releasetrackid; musicbrainz_trackid; originaldate; originalyear; releasecountry; releasestatus; releasetype; replaygain_album_gain; replaygain_album_peak; replaygain_track_gain; replaygain_track_peak; script; title; totaldiscs; totaltracks; tracknumber; tracktotal,
2013 - The Soulboy Collection/Disc 1/1-02-春風吹.flac,2013 - The Soulboy Collection,19193772,True,flac,flac,2,video/mjpeg,44100,16,2,200.587,8845872,aa39d68ea24d6dd167021192725652b6,733857a063cefef42d8ba250b422e826535a073c07192a8cd866192148e4e13d,True,,1,type=3 image/jpeg 500x500 49979B,album; albumartist; albumartistsort; artist; artists; artistsort; asin; barcode; bpm; catalognumber; copyright; date; discnumber; disctotal; isrc; itunesadvisory; label; lyrics; media; musicbrainz_albumartistid; musicbrainz_albumid; musicbrainz_artistid; musicbrainz_releasegroupid; musicbrainz_releasetrackid; musicbrainz_trackid; originaldate; originalyear; releasecountry; releasestatus; releasetype; replaygain_album_gain; replaygain_album_peak; replaygain_track_gain; replaygain_track_peak; script; title; totaldiscs; totaltracks; tracknumber; tracktotal,
2013 - The Soulboy Collection/Disc 1/1-03-南音.flac,2013 - The Soulboy Collection,22502907,True,flac,flac,2,video/mjpeg,44100,16,2,215.853,9519132,a3460d058460462bd8760f0182e21181,6a0da9b672df9b637e0054220f195cd23b966910fc29230c65347a7cf9b0178b,True,,1,type=3 image/jpeg 500x500 49979B,album; albumartist; albumartistsort; artist; artists; artistsort; asin; barcode; bpm; catalognumber; copyright; date; discnumber; disctotal; isrc; itunesadvisory; label; lyrics; media; musicbrainz_albumartistid; musicbrainz_albumid; musicbrainz_artistid; musicbrainz_releasegroupid; musicbrainz_releasetrackid; musicbrainz_trackid; originaldate; originalyear; releasecountry; releasestatus; releasetype; replaygain_album_gain; replaygain_album_peak; replaygain_track_gain; replaygain_track_peak; script; title; totaldiscs; totaltracks; tracknumber; tracktotal,
2013 - The Soulboy Collection/Disc 1/1-04-我們能不能.flac,2013 - The Soulboy Collection,27580131,True,flac,flac,2,video/mjpeg,44100,16,2,248.747,10969728,3fd896ac076d99c80c30efa5a6cf2c5a,5c945ee32d6e5a4d6a89551a99ddcbe9d0b4b0ea5d219b1d7914ef222e9d1851,True,,1,type=3 image/jpeg 500x500 49979B,album; albumartist; albumartistsort; artist; artists; artistsort; asin; barcode; bpm; catalognumber; copyright; date; discnumber; disctotal; isrc; itunesadvisory; label; lyrics; media; musicbrainz_albumartistid; musicbrainz_albumid; musicbrainz_artistid; musicbrainz_releasegroupid; musicbrainz_releasetrackid; musicbrainz_trackid; originaldate; originalyear; releasecountry; releasestatus; releasetype; replaygain_album_gain; replaygain_album_peak; replaygain_track_gain; replaygain_track_peak; script; title; totaldiscs; totaltracks; tracknumber; tracktotal,
2013 - The Soulboy Collection/Disc 1/1-05-每天每天.flac,2013 - The Soulboy Collection,27385652,True,flac,flac,2,video/mjpeg,44100,16,2,250.72,11056752,ae8fa342a9251289dcc893a65ac680bd,d645f112fb7077eebc1dc23c1cf7e9011de090d13e4c426cbdd3fe49c41a6579,True,,1,type=3 image/jpeg 500x500 49979B,album; albumartist; albumartistsort; artist; artists; artistsort; asin; barcode; bpm; catalognumber; copyright; date; discnumber; disctotal; isrc; itunesadvisory; label; lyrics; media; musicbrainz_albumartistid; musicbrainz_albumid; musicbrainz_artistid; musicbrainz_releasegroupid; musicbrainz_releasetrackid; musicbrainz_trackid; originaldate; originalyear; releasecountry; releasestatus; releasetype; replaygain_album_gain; replaygain_album_peak; replaygain_track_gain; replaygain_track_peak; script; title; totaldiscs; totaltracks; tracknumber; tracktotal,
2013 - The Soulboy Collection/Disc 1/1-06-愛愛愛.flac,2013 - The Soulboy Collection,25085655,True,flac,flac,2,video/mjpeg,44100,16,2,213.267,9405060,63f5f773821a972ed1857c2c8718ce38,3fed9d006fbeda3aea74514ac9304101cd5ae82a049bd0148188b080249ae260,True,,1,type=3 image/jpeg 500x500 49979B,album; albumartist; albumartistsort; artist; artists; artistsort; asin; barcode; bpm; catalognumber; copyright; date; discnumber; disctotal; isrc; itunesadvisory; label; media; musicbrainz_albumartistid; musicbrainz_albumid; musicbrainz_artistid; musicbrainz_releasegroupid; musicbrainz_releasetrackid; musicbrainz_trackid; originaldate; originalyear; releasecountry; releasestatus; releasetype; replaygain_album_gain; replaygain_album_peak; replaygain_track_gain; replaygain_track_peak; script; title; totaldiscs; totaltracks; tracknumber; tracktotal,
2013 - The Soulboy Collection/Disc 1/1-07-蘇麗珍.flac,2013 - The Soulboy Collection,24509205,True,flac,flac,2,video/mjpeg,44100,16,2,217.093,9573816,c9f6bb8c4daa07b3f8535789d2f3644e,92dfd13a9f699e1a9c205754d15673f86ef44aa982a4614745be1da705055216,True,,1,type=3 image/jpeg 500x500 49979B,album; albumartist; albumartistsort; artist; artists; artistsort; asin; barcode; bpm; catalognumber; copyright; date; discnumber; disctotal; isrc; itunesadvisory; label; lyrics; media; musicbrainz_albumartistid; musicbrainz_albumid; musicbrainz_artistid; musicbrainz_releasegroupid; musicbrainz_releasetrackid; musicbrainz_trackid; originaldate; originalyear; releasecountry; releasestatus; releasetype; replaygain_album_gain; replaygain_album_peak; replaygain_track_gain; replaygain_track_peak; script; title; totaldiscs; totaltracks; tracknumber; tracktotal,
2013 - The Soulboy Collection/Disc 1/1-08-四人遊.flac,2013 - The Soulboy Collection,22300369,True,flac,flac,2,video/mjpeg,44100,16,2,228.293,10067736,405d80ded55a56eb02aebb3a2a067b49,c747fdd64006ce5f19be7edda8ca5c873d55641218cff691c47b5b903e6bf6b8,True,,1,type=3 image/jpeg 500x500 49979B,album; albumartist; albumartistsort; artist; artists; artistsort; asin; barcode; bpm; catalognumber; copyright; date; discnumber; disctotal; isrc; itunesadvisory; label; media; musicbrainz_albumartistid; musicbrainz_albumid; musicbrainz_artistid; musicbrainz_releasegroupid; musicbrainz_releasetrackid; musicbrainz_trackid; originaldate; originalyear; releasecountry; releasestatus; releasetype; replaygain_album_gain; replaygain_album_peak; replaygain_track_gain; replaygain_track_peak; script; title; totaldiscs; totaltracks; tracknumber; tracktotal,
2013 - The Soulboy Collection/Disc 1/1-09-詩人的情人.flac,2013 - The Soulboy Collection,25814787,True,flac,flac,2,video/mjpeg,44100,16,2,231.507,10209444,2aa48d692ccdb71f49e510821827903c,2a999f30b937a2cc76830202fe1ce1278711502bf7b1a28cc3f5b986f934b8c1,True,,1,type=3 image/jpeg 500x500 49979B,album; albumartist; albumartistsort; artist; artists; artistsort; asin; barcode; bpm; catalognumber; copyright; date; discnumber; disctotal; isrc; itunesadvisory; label; lyrics; media; musicbrainz_albumartistid; musicbrainz_albumid; musicbrainz_artistid; musicbrainz_releasegroupid; musicbrainz_releasetrackid; musicbrainz_trackid; originaldate; originalyear; releasecountry; releasestatus; releasetype; replaygain_album_gain; replaygain_album_peak; replaygain_track_gain; replaygain_track_peak; script; title; totaldiscs; totaltracks; tracknumber; tracktotal,
2013 - The Soulboy Collection/Disc 1/1-10-歌手與模特兒.flac,2013 - The Soulboy Collection,23908362,True,flac,flac,2,video/mjpeg,44100,16,2,221.707,9777264,f133e511d59aa72636168b7cf3522573,bf89489e42cc529a78a6b60e1a9c37e2b8047c22a269d73c57d206645a3b0b65,True,,1,type=3 image/jpeg 500x500 49979B,album; albumartist; albumartistsort; artist; artists; artistsort; asin; barcode; bpm; catalognumber; copyright; date; discnumber; disctotal; isrc; itunesadvisory; label; lyrics; media; musicbrainz_albumartistid; musicbrainz_albumid; musicbrainz_artistid; musicbrainz_releasegroupid; musicbrainz_releasetrackid; musicbrainz_trackid; originaldate; originalyear; releasecountry; releasestatus; releasetype; replaygain_album_gain; replaygain_album_peak; replaygain_track_gain; replaygain_track_peak; script; title; totaldiscs; totaltracks; tracknumber; tracktotal,
2013 - The Soulboy Collection/Disc 1/1-11-Love Song.flac,2013 - The Soulboy Collection,29475977,True,flac,flac,2,video/mjpeg,44100,16,2,269.293,11875836,fbd3b8611a577e9d6f769a39433b1780,ac5f783171cc0243ea2c2140b962b470c6428153116681cd5969afc92634a06a,True,,1,type=3 image/jpeg 500x500 49979B,album; albumartist; albumartistsort; artist; artists; artistsort; asin; barcode; bpm; catalognumber; copyright; date; discnumber; disctotal; isrc; itunesadvisory; label; lyrics; media; musicbrainz_albumartistid; musicbrainz_albumid; musicbrainz_artistid; musicbrainz_releasegroupid; musicbrainz_releasetrackid; musicbrainz_trackid; originaldate; originalyear; releasecountry; releasestatus; releasetype; replaygain_album_gain; replaygain_album_peak; replaygain_track_gain; replaygain_track_peak; script; title; totaldiscs; totaltracks; tracknumber; tracktotal,
2013 - The Soulboy Collection/Disc 1/1-12-夠不夠.flac,2013 - The Soulboy Collection,24109878,True,flac,flac,2,video/mjpeg,44100,16,2,223.16,9841356,0ade11bae7fe81c4830aaf6a0ed98023,2e5482ce03580fb96330969fd5df6de58d188905a4ffc548ae3608cf288fc239,True,,1,type=3 image/jpeg 500x500 49979B,album; albumartist; albumartistsort; artist; artists; artistsort; asin; barcode; bpm; catalognumber; copyright; date; discnumber; disctotal; isrc; itunesadvisory; label; lyrics; media; musicbrainz_albumartistid; musicbrainz_albumid; musicbrainz_artistid; musicbrainz_releasegroupid; musicbrainz_releasetrackid; musicbrainz_trackid; originaldate; originalyear; releasecountry; releasestatus; releasetype; replaygain_album_gain; replaygain_album_peak; replaygain_track_gain; replaygain_track_peak; script; title; totaldiscs; totaltracks; tracknumber; tracktotal,
2013 - The Soulboy Collection/Disc 1/1-13-Sorry.flac,2013 - The Soulboy Collection,22541924,True,flac,flac,2,video/mjpeg,44100,16,2,222.653,9819012,4ce8207448847761df42d1dcbdb06f01,cffa6917c15a09793e91b9b6bbaf08274b36553d41f933646847514810d31ee5,True,,1,type=3 image/jpeg 500x500 49979B,album; albumartist; albumartistsort; artist; artists; artistsort; asin; barcode; bpm; catalognumber; copyright; date; discnumber; disctotal; isrc; itunesadvisory; label; lyrics; media; musicbrainz_albumartistid; musicbrainz_albumid; musicbrainz_artistid; musicbrainz_releasegroupid; musicbrainz_releasetrackid; musicbrainz_trackid; originaldate; originalyear; releasecountry; releasestatus; releasetype; replaygain_album_gain; replaygain_album_peak; replaygain_track_gain; replaygain_track_peak; script; title; totaldiscs; totaltracks; tracknumber; tracktotal,
2013 - The Soulboy Collection/Disc 1/1-14-公園.flac,2013 - The Soulboy Collection,26461195,True,flac,flac,2,video/mjpeg,44100,16,2,241.333,10642800,a949c951777fccc25783531d568868ae,011477ac5e696d6d14a56e7dcbb834c32d37e44234a4416bd097ef96dff32d99,True,,1,type=3 image/jpeg 500x500 49979B,album; albumartist; albumartistsort; artist; artists; artistsort; asin; barcode; bpm; catalognumber; copyright; date; discnumber; disctotal; isrc; itunesadvisory; label; media; musicbrainz_albumartistid; musicbrainz_albumid; musicbrainz_artistid; musicbrainz_releasegroupid; musicbrainz_releasetrackid; musicbrainz_trackid; originaldate; originalyear; releasecountry; releasestatus; releasetype; replaygain_album_gain; replaygain_album_peak; replaygain_track_gain; replaygain_track_peak; script; title; totaldiscs; totaltracks; tracknumber; tracktotal,
2013 - The Soulboy Collection/Disc 1/1-15-愛在.flac,2013 - The Soulboy Collection,25164570,True,flac,flac,2,video/mjpeg,44100,16,2,243.733,10748640,ef272ca6eb44a1e335c3ac5e1e65cc48,d2b4adddb7b50b5c64e102aa44ee525df9d12ea108e113303b842556a8f22575,True,,1,type=3 image/jpeg 500x500 49979B,album; albumartist; albumartistsort; artist; artists; artistsort; asin; barcode; bpm; catalognumber; copyright; date; discnumber; disctotal; isrc; itunesadvisory; label; media; musicbrainz_albumartistid; musicbrainz_albumid; musicbrainz_artistid; musicbrainz_releasegroupid; musicbrainz_releasetrackid; musicbrainz_trackid; originaldate; originalyear; releasecountry; releasestatus; releasetype; replaygain_album_gain; replaygain_album_peak; replaygain_track_gain; replaygain_track_peak; script; title; totaldiscs; totaltracks; tracknumber; tracktotal,
2013 - The Soulboy Collection/Disc 1/1-16-Singalongsong.flac,2013 - The Soulboy Collection,20910857,True,flac,flac,2,video/mjpeg,44100,16,2,198.573,8757084,29f3313be6cb97836f7186402f726943,d2e3362e7bd0e154346ad10798fbdf4e500be60086ab43236868d9d56b480a61,True,,1,type=3 image/jpeg 500x500 49979B,album; albumartist; albumartistsort; artist; artists; artistsort; asin; barcode; bpm; catalognumber; copyright; date; discnumber; disctotal; isrc; itunesadvisory; label; lyrics; media; musicbrainz_albumartistid; musicbrainz_albumid; musicbrainz_artistid; musicbrainz_releasegroupid; musicbrainz_releasetrackid; musicbrainz_trackid; originaldate; originalyear; releasecountry; releasestatus; releasetype; replaygain_album_gain; replaygain_album_peak; replaygain_track_gain; replaygain_track_peak; script; title; totaldiscs; totaltracks; tracknumber; tracktotal,
2013 - The Soulboy Collection/Disc 1/1-17-小小蟲.flac,2013 - The Soulboy Collection,27721410,True,flac,flac,2,video/mjpeg,44100,16,2,240.133,10589880,7584c42594914776a2f21ecab27fd0f9,eaad8358774d576f8d31f9a8e975097e4b8daf8a4a8702fa29cc8c044c94cef7,True,,1,type=3 image/jpeg 500x500 49979B,album; albumartist; albumartistsort; artist; artists; artistsort; asin; barcode; bpm; catalognumber; copyright; date; discnumber; disctotal; isrc; itunesadvisory; label; lyrics; media; musicbrainz_albumartistid; musicbrainz_albumid; musicbrainz_artistid; musicbrainz_releasegroupid; musicbrainz_releasetrackid; musicbrainz_trackid; originaldate; originalyear; releasecountry; releasestatus; releasetype; replaygain_album_gain; replaygain_album_peak; replaygain_track_gain; replaygain_track_peak; script; title; totaldiscs; totaltracks; tracknumber; tracktotal,
2013 - The Soulboy Collection/Disc 1/1-18-每個人都會.flac,2013 - The Soulboy Collection,19211598,True,flac,flac,2,video/mjpeg,44100,16,2,178.36,7865676,2612ed2a43567747e2807b105a43fdf0,9368c6051728d9ebda7b1b7a0da51f2bc972adf391da361a092793c728fcfd43,True,,1,type=3 image/jpeg 500x500 49979B,album; albumartist; albumartistsort; artist; artists; artistsort; asin; barcode; bpm; catalognumber; copyright; date; discnumber; disctotal; isrc; itunesadvisory; label; lyrics; media; musicbrainz_albumartistid; musicbrainz_albumid; musicbrainz_artistid; musicbrainz_releasegroupid; musicbrainz_releasetrackid; musicbrainz_trackid; originaldate; originalyear; releasecountry; releasestatus; releasetype; replaygain_album_gain; replaygain_album_peak; replaygain_track_gain; replaygain_track_peak; script; title; totaldiscs; totaltracks; tracknumber; tracktotal,
2013 - The Soulboy Collection/Disc 2/2-01-三人遊.flac,2013 - The Soulboy Collection,26091370,True,flac,flac,2,video/mjpeg,44100,16,2,237.427,10470516,63519dabda52b508fc4633b2f874a200,8a104ab783bb964d27897a0e776064b68e12eba4b00d479a050462f581354331,True,,1,type=3 image/jpeg 500x500 49979B,album; albumartist; albumartistsort; artist; artists; artistsort; asin; barcode; bpm; catalognumber; copyright; date; discnumber; disctotal; isrc; itunesadvisory; label; lyrics; media; musicbrainz_albumartistid; musicbrainz_albumid; musicbrainz_artistid; musicbrainz_releasegroupid; musicbrainz_releasetrackid; musicbrainz_trackid; originaldate; originalyear; releasecountry; releasestatus; releasetype; replaygain_album_gain; replaygain_album_peak; replaygain_track_gain; replaygain_track_peak; script; title; totaldiscs; totaltracks; tracknumber; tracktotal,
2013 - The Soulboy Collection/Disc 2/2-02-1234567.flac,2013 - The Soulboy Collection,27731681,True,flac,flac,2,video/mjpeg,44100,16,2,226.213,9976008,6d6d4257f3c8bd5f5eedf347b6fa27c8,80a607b86ae9a14ffb5bd74fd202a7d009f63153f33bbb7b76bfb09264741ece,True,,1,type=3 image/jpeg 500x500 49979B,album; albumartist; albumartistsort; artist; artists; artistsort; asin; barcode; bpm; catalognumber; copyright; date; discnumber; disctotal; isrc; itunesadvisory; label; lyrics; media; musicbrainz_albumartistid; musicbrainz_albumid; musicbrainz_artistid; musicbrainz_releasegroupid; musicbrainz_releasetrackid; musicbrainz_trackid; originaldate; originalyear; releasecountry; releasestatus; releasetype; replaygain_album_gain; replaygain_album_peak; replaygain_track_gain; replaygain_track_peak; script; title; totaldiscs; totaltracks; tracknumber; tracktotal,
2013 - The Soulboy Collection/Disc 2/2-03-Nothing’s Gonna Change My Love for You.flac,2013 - The Soulboy Collection,22262038,True,flac,flac,2,video/mjpeg,44100,16,2,209.44,9236304,1fe05748c7ce9dfd311dc522f2ec3cb4,aac89c4b3f05bd6d8ed4d94db0b4faafa7f3a31516995b2a27c5f116786d1b70,True,,1,type=3 image/jpeg 500x500 49979B,album; albumartist; albumartistsort; artist; artists; artistsort; asin; barcode; bpm; catalognumber; copyright; date; discnumber; disctotal; isrc; itunesadvisory; label; lyrics; media; musicbrainz_albumartistid; musicbrainz_albumid; musicbrainz_artistid; musicbrainz_releasegroupid; musicbrainz_releasetrackid; musicbrainz_trackid; originaldate; originalyear; releasecountry; releasestatus; releasetype; replaygain_album_gain; replaygain_album_peak; replaygain_track_gain; replaygain_track_peak; script; title; totaldiscs; totaltracks; tracknumber; tracktotal,
2013 - The Soulboy Collection/Disc 2/2-04-月亮代表我的心.flac,2013 - The Soulboy Collection,19492394,True,flac,flac,2,video/mjpeg,44100,16,2,204.747,9029328,07b432a01adb355ca2ef07209c32d19a,0fd2f3f10f349f502b8aee9264559dd82104cf2476f21ab3040aa761fb2957c4,True,,1,type=3 image/jpeg 500x500 49979B,album; albumartist; albumartistsort; artist; artists; artistsort; asin; barcode; bpm; catalognumber; copyright; date; discnumber; disctotal; isrc; itunesadvisory; label; lyrics; media; musicbrainz_albumartistid; musicbrainz_albumid; musicbrainz_artistid; musicbrainz_releasegroupid; musicbrainz_releasetrackid; musicbrainz_trackid; originaldate; originalyear; releasecountry; releasestatus; releasetype; replaygain_album_gain; replaygain_album_peak; replaygain_track_gain; replaygain_track_peak; script; title; totaldiscs; totaltracks; tracknumber; tracktotal,
2013 - The Soulboy Collection/Disc 2/2-05-紅豆.flac,2013 - The Soulboy Collection,22470926,True,flac,flac,2,video/mjpeg,44100,16,2,236.093,10411716,158ae0a573e9df56a8ccce2ebcceb6aa,a9df7a1d5be8e6d9dcad66353a09907649b8b3b578c8fdd876a726be55e40f4e,True,,1,type=3 image/jpeg 500x500 49979B,album; albumartist; albumartistsort; artist; artists; artistsort; asin; barcode; bpm; catalognumber; copyright; date; discnumber; disctotal; isrc; itunesadvisory; label; lyrics; media; musicbrainz_albumartistid; musicbrainz_albumid; musicbrainz_artistid; musicbrainz_releasegroupid; musicbrainz_releasetrackid; musicbrainz_trackid; originaldate; originalyear; releasecountry; releasestatus; releasetype; replaygain_album_gain; replaygain_album_peak; replaygain_track_gain; replaygain_track_peak; script; title; totaldiscs; totaltracks; tracknumber; tracktotal,
2013 - The Soulboy Collection/Disc 2/2-06-Wonderful Tonight.flac,2013 - The Soulboy Collection,18156826,True,flac,flac,2,video/mjpeg,44100,16,2,224.067,9881340,2edda4e01eafa82d3f02ac325d3cef75,b5e0d21c813b39f1d137d9af00120e2507abca5afc6861ddb879c9bbde271d54,True,,1,type=3 image/jpeg 500x500 49979B,album; albumartist; albumartistsort; artist; artists; artistsort; asin; barcode; bpm; catalognumber; copyright; date; discnumber; disctotal; isrc; itunesadvisory; label; lyrics; media; musicbrainz_albumartistid; musicbrainz_albumid; musicbrainz_artistid; musicbrainz_releasegroupid; musicbrainz_releasetrackid; musicbrainz_trackid; originaldate; originalyear; releasecountry; releasestatus; releasetype; replaygain_album_gain; replaygain_album_peak; replaygain_track_gain; replaygain_track_peak; script; title; totaldiscs; totaltracks; tracknumber; tracktotal,
2013 - The Soulboy Collection/Disc 2/2-07-You Are the Sunshine of My Life.flac,2013 - The Soulboy Collection,19039589,True,flac,flac,2,video/mjpeg,44100,16,2,183.52,8093232,c3ae21b2bbae80b85e9bdd512965397d,f829031831d2a25c35f9855bdbf3cf03305bf66e6fdf74a01a8ce6e2d737d329,True,,1,type=3 image/jpeg 500x500 49979B,album; albumartist; albumartistsort; artist; artists; artistsort; asin; barcode; bpm; catalognumber; copyright; date; discnumber; disctotal; isrc; itunesadvisory; label; lyrics; media; musicbrainz_albumartistid; musicbrainz_albumid; musicbrainz_artistid; musicbrainz_releasegroupid; musicbrainz_releasetrackid; musicbrainz_trackid; originaldate; originalyear; releasecountry; releasestatus; releasetype; replaygain_album_gain; replaygain_album_peak; replaygain_track_gain; replaygain_track_peak; script; title; totaldiscs; totaltracks; tracknumber; tracktotal,
2013 - The Soulboy Collection/Disc 2/2-08-張永成.flac,2013 - The Soulboy Collection,23551135,True,flac,flac,2,video/mjpeg,44100,16,2,185.16,8165556,756c0ec96a0449b72f0d665b00130fc5,dd7e3b7c160751b5cf59acfe4ef62a8edc2ad4bb2ad91ff9463194eac3f5ca00,True,,1,type=3 image/jpeg 1425x1425 570890B,album; albumartist; albumartistsort; artist; artists; artistsort; asin; barcode; bpm; catalognumber; copyright; date; discnumber; disctotal; isrc; itunesadvisory; label; media; musicbrainz_albumartistid; musicbrainz_albumid; musicbrainz_artistid; musicbrainz_releasegroupid; musicbrainz_releasetrackid; musicbrainz_trackid; originaldate; originalyear; releasecountry; releasestatus; releasetype; replaygain_album_gain; replaygain_album_peak; replaygain_track_gain; replaygain_track_peak; script; title; totaldiscs; totaltracks; tracknumber; tracktotal,
2013 - The Soulboy Collection/Disc 2/2-09-自以為.flac,2013 - The Soulboy Collection,24692655,True,flac,flac,2,video/mjpeg,44100,16,2,220.107,9706704,a06e4404bd3e46816e83fc3111f397a6,1c07bd3cf3affd48822d036b52c75013698de5b525ffa20122ca13acf4ca6248,True,,1,type=3 image/jpeg 500x500 49979B,album; albumartist; albumartistsort; artist; artists; artistsort; asin; barcode; bpm; catalognumber; copyright; date; discnumber; disctotal; isrc; itunesadvisory; label; media; musicbrainz_albumartistid; musicbrainz_albumid; musicbrainz_artistid; musicbrainz_releasegroupid; musicbrainz_releasetrackid; musicbrainz_trackid; originaldate; originalyear; releasecountry; releasestatus; releasetype; replaygain_album_gain; replaygain_album_peak; replaygain_track_gain; replaygain_track_peak; script; title; totaldiscs; totaltracks; tracknumber; tracktotal,
2013 - The Soulboy Collection/Disc 2/2-10-好不容易.flac,2013 - The Soulboy Collection,43327697,True,flac,flac,2,video/mjpeg,44100,16,2,380.0,16758000,b2015e56c8aa1e66f7039f35f61ca4f9,596c92ec54039dc4f115fe41cb028b5ccb8ab248bd132e8d8011954fe7b56ee1,True,,1,type=3 image/jpeg 500x500 49979B,album; albumartist; albumartistsort; artist; artists; artistsort; asin; barcode; bpm; catalognumber; copyright; date; discnumber; disctotal; isrc; itunesadvisory; label; lyrics; media; musicbrainz_albumartistid; musicbrainz_albumid; musicbrainz_artistid; musicbrainz_releasegroupid; musicbrainz_releasetrackid; musicbrainz_trackid; originaldate; originalyear; releasecountry; releasestatus; releasetype; replaygain_album_gain; replaygain_album_peak; replaygain_track_gain; replaygain_track_peak; script; title; totaldiscs; totaltracks; tracknumber; tracktotal,
2013 - The Soulboy Collection/Disc 2/2-11-因為你.flac,2013 - The Soulboy Collection,24313453,True,flac,flac,2,video/mjpeg,44100,16,2,224.827,9914856,9c9d0eb410c88d54efbc42b2986cd1d1,125f25484c8918cf6a371488215458fca121db7cd33c23e855bd1a1095658f93,True,,1,type=3 image/jpeg 500x500 49979B,album; albumartist; albumartistsort; artist; artists; artistsort; asin; barcode; bpm; catalognumber; copyright; date; discnumber; disctotal; isrc; itunesadvisory; label; media; musicbrainz_albumartistid; musicbrainz_albumid; musicbrainz_artistid; musicbrainz_releasegroupid; musicbrainz_releasetrackid; musicbrainz_trackid; originaldate; originalyear; releasecountry; releasestatus; releasetype; replaygain_album_gain; replaygain_album_peak; replaygain_track_gain; replaygain_track_peak; script; title; totaldiscs; totaltracks; tracknumber; tracktotal,
2013 - The Soulboy Collection/Disc 2/2-12-情勝策略.flac,2013 - The Soulboy Collection,26005320,True,flac,flac,2,video/mjpeg,44100,16,2,243.32,10730412,f0a7d9e9c870be3ec66b41913202beca,85c9a1038a32d13e963dfad57fb1af1b000bae6371c271db4dd7720cd74e0701,True,,1,type=3 image/jpeg 500x500 49979B,album; albumartist; albumartistsort; artist; artists; artistsort; asin; barcode; bpm; catalognumber; copyright; date; discnumber; disctotal; isrc; itunesadvisory; label; media; musicbrainz_albumartistid; musicbrainz_albumid; musicbrainz_artistid; musicbrainz_releasegroupid; musicbrainz_releasetrackid; musicbrainz_trackid; originaldate; originalyear; releasecountry; releasestatus; releasetype; replaygain_album_gain; replaygain_album_peak; replaygain_track_gain; replaygain_track_peak; script; title; totaldiscs; totaltracks; tracknumber; tracktotal,
2013 - The Soulboy Collection/Disc 2/2-13-千紙鶴.flac,2013 - The Soulboy Collection,26985399,True,flac,flac,2,video/mjpeg,44100,16,2,246.231,10858806,594c3a245c474b1a5132d2601b29e49b,835272aa8b578204c1045cd20569c01e183f44e4c6b7e3ccd4bea8a5cb1a76b2,True,,1,type=3 image/jpeg 500x500 49979B,album; albumartist; albumartistsort; artist; artists; artistsort; asin; barcode; bpm; catalognumber; copyright; date; discnumber; disctotal; isrc; itunesadvisory; label; lyrics; media; musicbrainz_albumartistid; musicbrainz_albumid; musicbrainz_artistid; musicbrainz_releasegroupid; musicbrainz_releasetrackid; musicbrainz_trackid; originaldate; originalyear; releasecountry; releasestatus; releasetype; replaygain_album_gain; replaygain_album_peak; replaygain_track_gain; replaygain_track_peak; script; title; totaldiscs; totaltracks; tracknumber; tracktotal,
2013 - The Soulboy Collection/Disc 2/2-14-Romeo.flac,2013 - The Soulboy Collection,23673218,True,flac,flac,2,video/mjpeg,44100,16,2,211.973,9348024,f8a944b1563e1b3e7c68cdd5c08b2908,914e668754e859de4257c7ab5e82bad8a400e041785a701146947cb766bbae18,True,,1,type=3 image/jpeg 500x500 49979B,album; albumartist; albumartistsort; artist; artists; artistsort; asin; barcode; catalognumber; copyright; date; discnumber; disctotal; isrc; itunesadvisory; label; lyrics; media; musicbrainz_albumartistid; musicbrainz_albumid; musicbrainz_artistid; musicbrainz_releasegroupid; musicbrainz_releasetrackid; musicbrainz_trackid; originaldate; originalyear; releasecountry; releasestatus; releasetype; replaygain_album_gain; replaygain_album_peak; replaygain_track_gain; replaygain_track_peak; script; title; totaldiscs; totaltracks; tracknumber; tracktotal,
2013 - The Soulboy Collection/Disc 2/2-15-愛立刻.flac,2013 - The Soulboy Collection,28919754,True,flac,flac,2,video/mjpeg,44100,16,2,259.64,11450124,f8e37900f32d6203f632f650fd5c088d,9056bfbcb650d4b2484c16c928bd065b8dbca3ed62adcefc288c02ae1c3664d0,True,,1,type=3 image/jpeg 500x500 49979B,album; albumartist; albumartistsort; artist; artists; artistsort; asin; barcode; bpm; catalognumber; copyright; date; discnumber; disctotal; isrc; itunesadvisory; label; media; musicbrainz_albumartistid; musicbrainz_albumid; musicbrainz_artistid; musicbrainz_releasegroupid; musicbrainz_releasetrackid; musicbrainz_trackid; originaldate; originalyear; releasecountry; releasestatus; releasetype; replaygain_album_gain; replaygain_album_peak; replaygain_track_gain; replaygain_track_peak; script; title; totaldiscs; totaltracks; tracknumber; tracktotal,
2013 - The Soulboy Collection/Disc 2/2-16-BB88.flac,2013 - The Soulboy Collection,22661608,True,flac,flac,2,video/mjpeg,44100,16,2,198.706,8762940,a080862e708ca2645af1e2f3e1011ea4,7b156a3185fe5b551cce112858158fa98f02eebc8faed2c212de5a8a45863523,True,,1,type=3 image/jpeg 500x500 49979B,album; albumartist; albumartistsort; artist; artists; artistsort; asin; barcode; bpm; catalognumber; copyright; date; discnumber; disctotal; isrc; itunesadvisory; label; lyrics; media; musicbrainz_albumartistid; musicbrainz_albumid; musicbrainz_artistid; musicbrainz_releasegroupid; musicbrainz_releasetrackid; musicbrainz_trackid; originaldate; originalyear; releasecountry; releasestatus; releasetype; replaygain_album_gain; replaygain_album_peak; replaygain_track_gain; replaygain_track_peak; script; title; totaldiscs; totaltracks; tracknumber; tracktotal,
2013 - The Soulboy Collection/Disc 2/2-17-關於愛的定義.flac,2013 - The Soulboy Collection,25798330,True,flac,flac,2,video/mjpeg,44100,16,2,239.12,10545192,f5eaf122ef3fdf2e6fcbb7fb9f3fbb01,b7c0af6111ca9400432bdc9f944a214645bba978dbbfe39ec9bd66b063e04390,True,,1,type=3 image/jpeg 500x500 49979B,album; albumartist; albumartistsort; artist; artists; artistsort; asin; barcode; bpm; catalognumber; copyright; date; discnumber; disctotal; isrc; itunesadvisory; label; lyrics; media; musicbrainz_albumartistid; musicbrainz_albumid; musicbrainz_artistid; musicbrainz_releasegroupid; musicbrainz_releasetrackid; musicbrainz_trackid; originaldate; originalyear; releasecountry; releasestatus; releasetype; replaygain_album_gain; replaygain_album_peak; replaygain_track_gain; replaygain_track_peak; script; title; totaldiscs; totaltracks; tracknumber; tracktotal,
2013 - The Soulboy Collection/Disc 2/2-18-玩樂.flac,2013 - The Soulboy Collection,25319764,True,flac,flac,2,video/mjpeg,44100,16,2,233.068,10278315,8635c66e1658d1249d1f217264e03166,a09e304658e7e77e78976c0e222c1b7df5dab1c797898a3d8780ee85c35bc1c7,True,,1,type=3 image/jpeg 500x500 49979B,album; albumartist; albumartistsort; artist; artists; artistsort; asin; barcode; bpm; catalognumber; copyright; date; discnumber; disctotal; isrc; itunesadvisory; label; media; musicbrainz_albumartistid; musicbrainz_albumid; musicbrainz_artistid; musicbrainz_releasegroupid; musicbrainz_releasetrackid; musicbrainz_trackid; originaldate; originalyear; releasecountry; releasestatus; releasetype; replaygain_album_gain; replaygain_album_peak; replaygain_track_gain; replaygain_track_peak; script; title; totaldiscs; totaltracks; tracknumber; tracktotal,
2016-JTW 西游记（BLACK）[flac]/方大同-Love You So Much.flac,2016-JTW 西游记（BLACK）[flac],52322339,True,flac,flac,2,video/mjpeg,44100,24,2,264.8,11677662,00000000000000000000000000000000,7a006bc1e70b411e25df29b4585fbeb7bb6f9f3a1e6b3ec541ecd421fe6425db,True,,1,type=3 image/jpeg 0x0 70216B,album; albumartist; artist; date; discnumber; disctotal; genre; label; media; musicbrainz_albumartistid; musicbrainz_albumid; musicbrainz_albumstatus; musicbrainz_albumtype; musicbrainz_artistid; musicbrainz_releasegroupid; musicbrainz_releasetrackid; musicbrainz_trackid; originaldate; originalyear; releasecountry; releasestatus; releasetype; title; totaldiscs; totaltracks; tracknumber; tracktotal,
2016-JTW 西游记（BLACK）[flac]/方大同-NMW.flac,2016-JTW 西游记（BLACK）[flac],27418600,True,flac,flac,1,,44100,16,2,267.426,11793498,d4909fd83e10ef626964b21dae3723a1,36bb10da0f2e9600ed117e2bf3ba6bf5ec10f95e3914961f6cae68a78e9fab84,True,,0,,album; artist; description; encoder; title; tracknumber,
2016-JTW 西游记（BLACK）[flac]/方大同-Ring Finger.flac,2016-JTW 西游记（BLACK）[flac],57379802,True,flac,flac,2,video/mjpeg,44100,24,2,284.413,12542610,00000000000000000000000000000000,bc6436050f77cd23e2c4ad565b5855a3ea853ba732ea54674f21f417a97d700d,True,,1,type=3 image/jpeg 0x0 70216B,album; albumartist; artist; date; discnumber; disctotal; genre; label; media; musicbrainz_albumartistid; musicbrainz_albumid; musicbrainz_albumstatus; musicbrainz_albumtype; musicbrainz_artistid; musicbrainz_releasegroupid; musicbrainz_releasetrackid; musicbrainz_trackid; originaldate; originalyear; releasecountry; releasestatus; releasetype; title; totaldiscs; totaltracks; tracknumber; tracktotal,
2016-JTW 西游记（BLACK）[flac]/方大同-听.flac,2016-JTW 西游记（BLACK）[flac],25233210,True,flac,flac,1,,44100,16,2,212.305,9362636,70c5166354b30289df163d510e31ec7d,fe0a684b8fa66ba85781ec8354923ade5c45ac0045dcf86a0280e60ede43d93f,True,,0,,album; artist; description; title; tracknumber,
2016-JTW 西游记（BLACK）[flac]/方大同-悟空.flac,2016-JTW 西游记（BLACK）[flac],29408454,True,flac,flac,1,,44100,16,2,258.253,11388954,55b5b06dee75d580fd9ce219b49b6d78,b0f262759f83344bce748b9f16a26b8591336b799ce159f8b562123d551bafc0,True,,0,,album; artist; description; title; tracknumber,
2016-JTW 西游记（BLACK）[flac]/方大同-梦蝴蝶.flac,2016-JTW 西游记（BLACK）[flac],30143854,True,flac,flac,1,,44100,16,2,262.013,11554770,f6951b16758b0ff1824d659b89696e11,57f6aaa1a4b32d0f69ee5c1a06ffed95e3096f479491881ebe5a1353b937c60f,True,,0,,album; artist; description; title; tracknumber,
2016-JTW 西游记（BLACK）[flac]/方大同-笑开.flac,2016-JTW 西游记（BLACK）[flac],24813862,True,flac,flac,1,,44100,16,2,204.68,9026370,dc046129f745ff341493d1a800f21d99,3208bdb69dec682346b2bd92754a9707815a42cd4ef4df9b5eb58bff6b429e23,True,,0,,album; artist; description; encoder; title; tracknumber,
2016-JTW 西游记（BLACK）[flac]/方大同_Zion.T_Crush-味道.flac,2016-JTW 西游记（BLACK）[flac],27893309,True,flac,flac,1,,44100,16,2,249.986,11024394,f0a8e1477ffd2396ac542eebd1705d27,c3f0b77dab698692b1c50814fa477562540bc2a7ad9c42ec2613e654691aa42f,True,,0,,album; artist; description; encoder; title; tracknumber,
2016-JTW 西游记（BLACK）[flac]/方大同_杭盖-醉.flac,2016-JTW 西游记（BLACK）[flac],30486763,True,flac,flac,1,,44100,16,2,266.733,11762922,5d573a1ff2a5d8e160cfb49cb760c4e7,6b46e71fa96def5b8c48f2a451cb73ae55baa97cb3b993e869c950a8c5453dbc,True,,0,,album; artist; description; encoder; title; tracknumber,
2016-JTW 西游记（BLACK）[flac]/方大同_王力宏-FLOW.flac,2016-JTW 西游记（BLACK）[flac],27658077,True,flac,flac,1,,44100,16,2,231.306,10200606,e5830062c8d49af49410380d364ea429,2a0f72c6b0731ad57f399ec5a28d319eb20e847ed33252a08f44a0928172eb58,True,,0,,album; artist; description; encoded_by; encoder; title; tracknumber,
2016-JTW 西游记（GOLD）[flac]/方大同 - As I Do.flac,2016-JTW 西游记（GOLD）[flac],29687808,True,flac,flac,1,,44100,16,2,252.386,11130234,0bf6628c1b6212ec408e71ea605da66f,a129381997dac398d7ea80fe5210249fc314c9e6d35f3bb59af9e29efa549901,False,"[flac @ 0000015ad03e3c00] invalid residual
[flac @ 0000015ad03e3c00] decode_frame() failed
[aist#0:0/flac @ 0000015ad03db880] [dec:flac @ 0000015ad03e0b80] Decoding error: Invalid data found when processing input",0,,album; artist; encoder; title; tracknumber,
2016-JTW 西游记（GOLD）[flac]/方大同 - Once.flac,2016-JTW 西游记（GOLD）[flac],15925248,True,flac,flac,1,,44100,16,2,171.893,7580478,ef75b556cce9829d35e70a6437b34027,98640f77d193167a91daa6548167c341a3ab6a9b06969c5aaf006d14b69966a3,False,"[flac @ 00000199e33d48c0] invalid residual
[flac @ 00000199e33d48c0] decode_frame() failed
[aist#0:0/flac @ 00000199e1386580] [dec:flac @ 00000199e1383ec0] Decoding error: Invalid data found when processing input",0,,album; artist; encoder; title; tracknumber,
2016-JTW 西游记（GOLD）[flac]/方大同 - Right Girl.flac,2016-JTW 西游记（GOLD）[flac],23691264,True,flac,flac,1,,44100,16,2,205.973,9083406,5b570e516f815130c8e23dbd106351fa,4c76cdc744f00c03848f7601f310ef1d32aea7de22cf72f846e75b14f0cf7f31,False,"[flac @ 0000023b0a3654c0] invalid residual
[flac @ 0000023b0a3654c0] decode_frame() failed
[aist#0:0/flac @ 0000023b08755400] [dec:flac @ 0000023b0874a800] Decoding error: Invalid data found when processing input",0,,album; artist; encoder; title; tracknumber,
2016-JTW 西游记（GOLD）[flac]/方大同 - 很不低调.flac,2016-JTW 西游记（GOLD）[flac],32669696,True,flac,flac,1,,44100,16,2,271.053,11953434,5388459ae9b443d82f0959fd418f70fb,001a9f05732bc8b23d2f7d9266db37b793d6d3cdf7394ce57e6f584ecb6067ae,False,"[flac @ 000001d0da603d00] invalid residual
[flac @ 000001d0da603d00] decode_frame() failed
[aist#0:0/flac @ 000001d0d8b1b900] [dec:flac @ 000001d0d8b22540] Decoding error: Invalid data found when processing input",0,,album; artist; encoder; title; tracknumber,
2016-JTW 西游记（GOLD）[flac]/方大同 - 放不过自己.flac,2016-JTW 西游记（GOLD）[flac],31260672,True,flac,flac,1,,44100,16,2,287.28,12669030,992088176bffe5560e44db45d4e7fb94,72a86077d5c8fb95da1034e660888765b65803865f90a13b6a34bdaefb296e56,False,"[flac @ 000002477fcace40] invalid residual
[flac @ 000002477fcace40] decode_frame() failed
[aist#0:0/flac @ 000002477f0da8c0] [dec:flac @ 000002477f0daa80] Decoding error: Invalid data found when processing input",0,,album; artist; encoder; title; tracknumber,
2016-JTW 西游记（GOLD）[flac]/方大同 - 烦.flac,2016-JTW 西游记（GOLD）[flac],32440320,True,flac,flac,1,,44100,16,2,282.78,12470612,5e42e9c739b0b6ba83704e6c324f122f,14de76988984fcbbe4b4af5ab5ffe8c48eee30edd3758b8c98b86347178e0a22,False,"[flac @ 000001ea16f7a340] invalid residual
[flac @ 000001ea16f7a340] decode_frame() failed
[aist#0:0/flac @ 000001ea16f2ba80] [dec:flac @ 000001ea16f2ca00] Decoding error: Invalid data found when processing input",0,,album; artist; encoder; title; tracknumber,
2016-JTW 西游记（GOLD）[flac]/方大同 - 黑夜.flac,2016-JTW 西游记（GOLD）[flac],36241408,True,flac,flac,1,,44100,16,2,313.44,13822686,39bff56a280e917de97edc79360338b4,3cbd439af575f6ae07ad5551713a3fc14db5f7acb9d137d7e26c1c03144d5721,False,"[flac @ 000001af5f39ccc0] invalid residual
[flac @ 000001af5f39ccc0] decode_frame() failed
[aist#0:0/flac @ 000001af5f34bb80] [dec:flac @ 000001af5f379a40] Decoding error: Invalid data found when processing input",0,,album; artist; encoder; title; tracknumber,
"2016-JTW 西游记（GOLD）[flac]/方大同,FiFi Rong - Run From Your Love.flac",2016-JTW 西游记（GOLD）[flac],28901376,True,flac,flac,1,,44100,16,2,275.506,12149826,a1b4bbc3ee52ba906488b9feb7848db1,2cf8f0686378d13f6d69f8909388f3e015b1747a8a779299084d872d1e086d5a,False,"[flac @ 00000249e7b504c0] invalid residual
[flac @ 00000249e7b504c0] decode_frame() failed
[aist#0:0/flac @ 00000249e5b48c40] [dec:flac @ 00000249e5b48e40] Decoding error: Invalid data found when processing input",0,,album; artist; encoder; title; tracknumber,
"2016-JTW 西游记（GOLD）[flac]/方大同,张靓颖 - 无所谓.flac",2016-JTW 西游记（GOLD）[flac],31293440,True,flac,flac,1,,44100,16,2,265.466,11707062,e14dd7dfc16bae105cf24d11a3987d21,6e8c0feacf9822b40ba77616ccbc54426f97303c8f64f9b79f082c9787a3f0a0,False,"[flac @ 0000023163e5d1c0] invalid residual
[flac @ 0000023163e5d1c0] decode_frame() failed
[aist#0:0/flac @ 0000023163e15e40] [dec:flac @ 0000023163e0c400] Decoding error: Invalid data found when processing input",0,,album; artist; encoder; title; tracknumber,
"2016-JTW 西游记（GOLD）[flac]/方大同,王诗安 - All Night.flac",2016-JTW 西游记（GOLD）[flac],26083328,True,flac,flac,1,,44100,16,2,215.08,9485010,740338d884c6c545e3142a5d4549dda8,8b2d5a43bfe14be8956813315ea5b2aa0ef73db52daff66a786a5c2cb0211fed,False,"[flac @ 0000021626cfff00] invalid residual
[flac @ 0000021626cfff00] decode_frame() failed
[aist#0:0/flac @ 0000021624dde840] [dec:flac @ 0000021624de6c00] Decoding error: Invalid data found when processing input",0,,album; artist; encoder; title; tracknumber,
Timeless 可啦思刻/01.You Are the Sunshine of My Life.flac,Timeless 可啦思刻,19016132,True,flac,flac,1,,44100,16,2,183.52,8093245,5520517912613da0dbb661f0cd6dbc7f,8dbf765b3e8e916665da27c0ff12ce91411d49f6ea36e1e33d5a79745387cfdc,False,"[flac @ 000002b2b78be7c0] invalid sync code
[flac @ 000002b2b78be7c0] invalid frame header
[flac @ 000002b2b78be7c0] decode_frame() failed
[aist#0:0/flac @ 000002b2b786e280] [dec:flac @ 000002b2b7875c80] Decoding error: Invalid data found when processing input",0,,album; artist; description; title; tracknumber,
Timeless 可啦思刻/02.Nothing's Gonna Change My Love For You.flac,Timeless 可啦思刻,22348126,True,flac,flac,1,,44100,16,2,209.44,9236317,e9c427642e61d50e6677caa39d5bc7e9,e3b521feec9f71fbd1b2e564cae5cea5db267bf8fc356375492a280124641310,True,,0,,album; artist; description; encoder; title; tracknumber,
Timeless 可啦思刻/03.Bad.flac,Timeless 可啦思刻,24120338,True,flac,flac,1,,44100,16,2,211.853,9342724,d7672c7d2f265cdc4e641527d77fec19,b1584cf03c9c7c88f2530cda2e82e8ea5251ece68f6419f8579fba8bc62455ca,False,"[flac @ 000001e945e0dc80] invalid sync code
[flac @ 000001e945e0dc80] invalid frame header
[flac @ 000001e945e0dc80] decode_frame() failed
[aist#0:0/flac @ 000001e945db96c0] [dec:flac @ 000001e945db9880] Decoding error: Invalid data found when processing input",0,,album; artist; description; title; tracknumber,
Timeless 可啦思刻/04.狂潮.flac,Timeless 可啦思刻,13482679,True,flac,flac,1,,44100,16,2,134.24,5919984,497d9c0e742d115b9f8be95081af15ae,a5539521251296720cc85dec53d2599131348a9894e5dfd3cd6c09d95b214dca,False,"[flac @ 000001efbe272900] invalid sync code
[flac @ 000001efbe272900] invalid frame header
[flac @ 000001efbe272900] decode_frame() failed
[aist#0:0/flac @ 000001efbc28bd00] [dec:flac @ 000001efbc296980] Decoding error: Invalid data found when processing input",0,,album; artist; description; title; tracknumber,
Timeless 可啦思刻/05.La Bamba.flac,Timeless 可啦思刻,29085802,True,flac,flac,1,,44100,16,2,302.253,13329372,6ac0c6fbec55075dcd1ef582fdf2c99b,be565b568e3e96eddbc4c9e814261de1dc9700dd0be940d25fced417d625ef0c,True,,0,,album; artist; description; encoder; title; tracknumber,
Timeless 可啦思刻/06.红豆.flac,Timeless 可啦思刻,22455339,True,flac,flac,1,,44100,16,2,236.094,10411740,dc099d7e1955236bf0d45b80b60863d2,20eb8a18148414cff1748de6b163db6f85ecda4c1d1da18ec8de801a90ff714d,False,"[flac @ 0000025ae5153180] invalid sync code
[flac @ 0000025ae5153180] invalid frame header
[flac @ 0000025ae5153180] decode_frame() failed
[aist#0:0/flac @ 0000025ae31dc600] [dec:flac @ 0000025ae31dc800] Decoding error: Invalid data found when processing input",0,,album; artist; description; title; tracknumber,
Timeless 可啦思刻/07.Georgia On My Mind.flac,Timeless 可啦思刻,22371329,True,flac,flac,1,,44100,16,2,225.173,9930141,f58b723afbfc79f45c09fb1f7ba63419,b9aaeea7454515e326bc1334266a1c5a7d592e0db8f51731a3caa51812e3d171,True,,0,,album; artist; description; encoder; title; tracknumber,
Timeless 可啦思刻/08.记得.flac,Timeless 可啦思刻,20501759,True,flac,flac,1,,44100,16,2,226.588,9992512,c85d741344e54226258b80cf6e6047b7,6e8b46f898ea0381535ac22ddd89d6b316824b156b9580d4f7e73f96c8211b8c,True,,0,,album; artist; description; encoder; title; tracknumber,
Timeless 可啦思刻/09.Wonderful Tonight.flac,Timeless 可啦思刻,18213142,True,flac,flac,1,,44100,16,2,224.067,9881361,c95d2b002333e34bc6821c74cb46e643,6864eeed5bd2fa47d5431031e1f6e9f4baf8045702928d60646ee2e3c70e7537,True,,0,,album; artist; description; encoder; title; tracknumber,
Timeless 可啦思刻/10.Moon River.flac,Timeless 可啦思刻,14320135,True,flac,flac,1,,44100,16,2,185.093,8162619,da3669571a89113bfc877c10602eebd5,d7728e6ae0da0160840803a55a9d8b9a2d24222dfdfb8fb853bd8d92acff7274,True,,0,,album; artist; description; encoder; title; tracknumber,
Timeless 可啦思刻/11.月亮代表我的心.flac,Timeless 可啦思刻,19190326,True,flac,flac,1,,44100,16,2,200.713,8851456,ce3479747d0071d9c4b6f31e32b1f341,4bece31248aacda94e3241a3788582b056971146610247532db30794442e09d1,False,"[flac @ 000002a3bccb2240] invalid sync code
[flac @ 000002a3bccb2240] invalid frame header
[flac @ 000002a3bccb2240] decode_frame() failed
[aist#0:0/flac @ 000002a3bccad500] [dec:flac @ 000002a3bccb0c80] Decoding error: Invalid data found when processing input",0,,album; artist; description; title; tracknumber,
Timeless演唱会 2CD/CD1/01.Introlude (Timeless Live 2009).flac,Timeless演唱会 2CD,3875541,True,flac,flac,1,,44100,16,2,33.2,1464120,4a7a6567cc5d9e1b2c72413a55814d5a,9d7e54f4e9e72799f737bc02ada58a5211e72b0d085cfe9fae036afc1c16f3f6,False,"[flac @ 0000019a25f8dfc0] invalid sync code
[flac @ 0000019a25f8dfc0] invalid frame header
[flac @ 0000019a25f8dfc0] decode_frame() failed
[aist#0:0/flac @ 0000019a25f3b2c0] [dec:flac @ 0000019a25f3a840] Decoding error: Invalid data found when processing input",0,,album; artist; description; title; tracknumber,
Timeless演唱会 2CD/CD1/04.如果爱 (Live).flac,Timeless演唱会 2CD,31639467,True,flac,flac,1,,44100,16,2,274.973,12126309,7524d89181391f6b339431700378700a,b4efb7ab5dd43a4b900c5516dc6b25be65c8ee69dd23a926923eddf4342cf6b3,False,"[flac @ 0000029453db6280] invalid sync code
[flac @ 0000029453db6280] invalid frame header
[flac @ 0000029453db6280] decode_frame() failed
[aist#0:0/flac @ 0000029453dac4c0] [dec:flac @ 0000029453db4b40] Decoding error: Invalid data found when processing input",0,,album; artist; description; title; tracknumber,
Timeless演唱会 2CD/CD1/05.记得 (Live).flac,Timeless演唱会 2CD,22315845,True,flac,flac,1,,44100,16,2,225.547,9946622,0e406997b89c0cd6544c80d29c523562,ea317955fb0adc982c4b99a574f0afd631b32f4e0d378574c30b0f3ec3cf2d08,True,,0,,album; artist; title; tracknumber,
Timeless演唱会 2CD/CD1/06.Nothing’s Gonna Change My Love For You (Live).flac,Timeless演唱会 2CD,23748113,True,flac,flac,1,,44100,16,2,210.84,9298044,6e609ff9a32c7ab649a56d04a95ac951,79845f3ff583c4410dd5144c638d8a5ed7c96cd4324f11d14257e5b6546e97d8,True,,0,,album; artist; description; encoder; title; tracknumber,
Timeless演唱会 2CD/CD1/07.春风吹 (Live).flac,Timeless演唱会 2CD,16017019,True,flac,flac,1,,44100,16,2,177.867,7843934,5540f053c437765163e0356dc79f4c05,f21d45233251a45316d9f1424db8f7eec1dcb3b92b5052db025846e4e23cae33,True,,0,,album; artist; description; title; tracknumber,
Timeless演唱会 2CD/CD1/08.Billie Jean (Timeless Live 2009).flac,Timeless演唱会 2CD,26179172,True,flac,flac,1,,44100,16,2,292.107,12881904,9be12c530606b1b16e4112af42509192,64235a0d68937d6ded59c0228980eaf4bc31f6ff304996c1204b04f8bb0881c1,True,,0,,album; artist; description; encoder; title; tracknumber,
Timeless演唱会 2CD/CD1/09.Who Is It (Timeless Live 2009).flac,Timeless演唱会 2CD,10726413,True,flac,flac,1,,44100,16,2,103.387,4559352,ccbdbb21fa5c951baa15d9090b713928,f3d259462e4e91ca983e2aee84eeee4de0a5d0a7f449221d07ea6320cb75e0a3,False,"[flac @ 00000277446665c0] invalid sync code
[flac @ 00000277446665c0] invalid frame header
[flac @ 00000277446665c0] decode_frame() failed
[aist#0:0/flac @ 00000277427e8400] [dec:flac @ 00000277427eb180] Decoding error: Invalid data found when processing input",0,,album; artist; description; title; tracknumber,
Timeless演唱会 2CD/CD1/10.歌手与模特儿 (Live).flac,Timeless演唱会 2CD,21783686,True,flac,flac,1,,44100,16,2,231.547,10211222,6381f5e332942fefce1c12e52ff7f5be,c2f6adc51872ce47a891df1a162aac15a3b368f830757f3a8b2ad71d76217199,False,"[flac @ 00000175e1671a40] invalid sync code
[flac @ 00000175e1671a40] invalid frame header
[flac @ 00000175e1671a40] decode_frame() failed
[aist#0:0/flac @ 00000175df66c940] [dec:flac @ 00000175df6734c0] Decoding error: Invalid data found when processing input",0,,album; artist; title; tracknumber,
Timeless演唱会 2CD/CD1/11.每个人都会 (Live).flac,Timeless演唱会 2CD,26413391,True,flac,flac,1,,44100,16,2,237.973,10494609,7c15ce21ea61e2e5abf86c4ca7b4cc35,c22d16fff9a1df3df4a66fbb86190d07d7875c27fdfe7843dcf7ffd17b73288d,True,,0,,album; artist; description; title; tracknumber,
Timeless演唱会 2CD/CD1/13.Love Song (Live).flac,Timeless演唱会 2CD,31313362,True,flac,flac,1,,44100,16,2,270.133,11912865,a52bd96489364cc3dc64b4676374be56,d6187cb6f05137e4d76802d3755166f5ffb706595a0839ba40df12a9197f91d7,True,,0,,album; artist; description; title; tracknumber,
Timeless演唱会 2CD/CD1/14.红豆 (Timeless Live 2009).flac,Timeless演唱会 2CD,24565504,True,flac,flac,1,,44100,16,2,243.867,10754520,6c169354d5164c158a0db5cf9f495de4,6499ea0d04817463fcc52fb4af1becbe2c0b2614cebb854f6ac69bf1a27c7079,False,"[flac @ 0000016dd93f2fc0] invalid sync code
[flac @ 0000016dd93f2fc0] invalid frame header
[flac @ 0000016dd93f2fc0] decode_frame() failed
[aist#0:0/flac @ 0000016dd93ba840] [dec:flac @ 0000016dd93c2080] Decoding error: Invalid data found when processing input",0,,album; artist; description; title; tracknumber,
Timeless演唱会 2CD/CD1/16.Moon River (Live).flac,Timeless演唱会 2CD,14766142,True,flac,flac,1,,44100,16,2,189.48,8356068,f545646b06cbaa21ff9ccd92043731c0,4946ddff1078de0c0bb0a2177ac308e5fa09259939b5534f6ac4cda2406b1c73,True,,0,,album; artist; description; title; tracknumber,
Timeless演唱会 2CD/CD1/17.Wonderful Tonight (Live).flac,Timeless演唱会 2CD,22610848,True,flac,flac,1,,44100,16,2,237.24,10462284,62dc15407942d69dfdfe43b23eca2c0c,0971e40094961204fca9650a55b6569d5df44301473531d83535f7fe52bdfe02,True,,0,,album; artist; description; encoder; title; tracknumber,
Timeless演唱会 2CD/CD2/01.三人游 (Live).flac,Timeless演唱会 2CD,27358368,True,flac,flac,1,,44100,16,2,310.213,13680393,9b992ded218bf69510f355193eb71e56,413f2e682fe42f902b4e0ac9d01904856825844bb3a495870c0740d0e0c7caeb,True,,0,,album; artist; description; encoder; title; tracknumber,
Timeless演唱会 2CD/CD2/02.爱我吧 (Live).flac,Timeless演唱会 2CD,26676472,True,flac,flac,1,,44100,16,2,256.533,11313105,520d799e7fec984e6c4a4c725a3a82e8,851999994d8bcf35e8e6bd01587623b97997b93f7a2aab169b24fa6fb24fda3b,False,"[flac @ 0000021958e6b300] invalid sync code
[flac @ 0000021958e6b300] invalid frame header
[flac @ 0000021958e6b300] decode_frame() failed
[aist#0:0/flac @ 0000021958e3c6c0] [dec:flac @ 0000021958e3c880] Decoding error: Invalid data found when processing input",0,,album; artist; description; title; tracknumber,
Timeless演唱会 2CD/CD2/04.Let's Stay Together (Timeless Live 2009).flac,Timeless演唱会 2CD,29459209,True,flac,flac,1,,44100,16,2,253.04,11159064,d9c3e6d2f63e9ab7704fb2b569289310,415964b272923c7a7d5d5a98d2f954bb1f50270643a566a580ae9ed5a9bc0b50,True,,0,,album; artist; description; encoder; title; tracknumber,
Timeless演唱会 2CD/CD2/05.公园 (Live).flac,Timeless演唱会 2CD,28112955,True,flac,flac,1,,44100,16,2,240.147,10590468,6bae8d62ac730c2f9d453afe85de663b,bd41f351a9263cc52a18987c30af4ca1c68aa58d96274b7240231fe3ebbca1f6,True,,0,,album; artist; description; encoder; title; tracknumber,
Timeless演唱会 2CD/CD2/08.未来 (Timeless Live 2009).flac,Timeless演唱会 2CD,57393297,True,flac,flac,1,,44100,16,2,500.12,22055292,4f8d06c25ff732e9090f6a2c51101a4f,edc6afbcd387db4dc7deb7bbd1e8c3d0b870002c0f716b5b7bbe60e2a9a00f30,False,"[flac @ 000001f1207f6600] invalid sync code
[flac @ 000001f1207f6600] invalid frame header
[flac @ 000001f1207f6600] decode_frame() failed
[aist#0:0/flac @ 000001f11e7dfc80] [dec:flac @ 000001f11e7e6940] Decoding error: Invalid data found when processing input",0,,album; artist; description; title; tracknumber,
Timeless演唱会 2CD/CD2/09.Free Jam (Timeless Live 2009).flac,Timeless演唱会 2CD,13322746,True,flac,flac,1,,44100,16,2,120.56,5316696,141b954ce652c4da14115cc89a007e27,4e6ac490d6c8da54f2b14a6dcacb4021236f62df075be9b57276228679d48b33,False,"[flac @ 000001b12ccef300] invalid sync code
[flac @ 000001b12ccef300] invalid frame header
[flac @ 000001b12ccef300] decode_frame() failed
[aist#0:0/flac @ 000001b12ccab440] [dec:flac @ 000001b12ccb59c0] Decoding error: Invalid data found when processing input",0,,album; artist; description; title; tracknumber,
Timeless演唱会 2CD/CD2/11.You Are the Sunshine of My Life (Live).flac,Timeless演唱会 2CD,67931057,True,flac,flac,1,,44100,16,2,683.373,30136749,b8b245b0701b75ad9df6b5edd505fa1f,97d06690b7da05238e73e9f4ce961204bbf045e4fdeba7f7da5d6f42a4cd6a6c,False,"[flac @ 00000205f4eddf40] invalid sync code
[flac @ 00000205f4eddf40] invalid frame header
[flac @ 00000205f4eddf40] decode_frame() failed
[aist#0:0/flac @ 00000205f2f4c480] [dec:flac @ 00000205f2f52e40] Decoding error: Invalid data found when processing input",0,,album; artist; description; title; tracknumber,
Timeless演唱会 2CD/CD2/13.爱爱爱 (Live).flac,Timeless演唱会 2CD,24520371,True,flac,flac,1,,44100,16,2,213.907,9433298,aebfa92839af5d8d7a7eea9e9ed402c4,330923b103dae61fa48962fd59dde7efbcfaa8066d675ea027f81984a88f61e2,False,"[flac @ 000001820a78df00] invalid sync code
[flac @ 000001820a78df00] invalid frame header
[flac @ 000001820a78df00] decode_frame() failed
[aist#0:0/flac @ 000001820888db80] [dec:flac @ 0000018208894d00] Decoding error: Invalid data found when processing input",0,,album; artist; title; tracknumber,
Timeless演唱会 2CD/CD2/14.Outrolude (Timeless Live 2009).flac,Timeless演唱会 2CD,10310074,True,flac,flac,1,,44100,16,2,91.973,4056024,b9ec1a0b0e166c3c5a800f31a0bab4ff,6d16ac275722b2ea8301370649588f5f459d6589f2a3e1e02f558b19f278d8be,False,"[flac @ 0000027325bfcbc0] invalid sync code
[flac @ 0000027325bfcbc0] invalid frame header
[flac @ 0000027325bfcbc0] decode_frame() failed
[aist#0:0/flac @ 0000027323c4d180] [dec:flac @ 0000027323c0a500] Decoding error: Invalid data found when processing input",0,,album; artist; description; title; tracknumber,
危险世界/01.Welcome.flac,危险世界,327147,True,flac,flac,1,,44100,16,2,7.045,310669,0a415d7b8193fade2b7ed852c498d10a,7011f2e5fac2547c0079404805c0560f1ed89822461fec2da680c60b0515c4d9,True,,0,,album; artist; description; title; tracknumber,
危险世界/02.危险世界.flac,危险世界,42331983,True,flac,flac,1,,44100,16,2,374.253,16504572,6b0d0d27e691f23c03cc0e47e1cf7cca,68dc1e20a0127957fc55c41c0699ddf6798bac0e767cd98dbf8b4da25f907778,False,"[flac @ 000001c88864de00] invalid sync code
[flac @ 000001c88864de00] invalid frame header
[flac @ 000001c88864de00] decode_frame() failed
[aist#0:0/flac @ 000001c88664b1c0] [dec:flac @ 000001c8865beb80] Decoding error: Invalid data found when processing input",0,,album; artist; description; title; tracknumber,
危险世界/03.Peace (Feat. Tia Ray).flac,危险世界,36333258,True,flac,flac,1,,44100,16,2,332.078,14644624,ac130c7a82b17e1a6ce0ab82ceeca0fb,be8dd8ce67cbdd67da9b927eeb239dc933c2a4e2b3519855c264177c05bd4aae,True,,0,,album; artist; description; title; tracknumber,
危险世界/04.小方.flac,危险世界,26540574,True,flac,flac,1,,44100,16,2,233.102,10279809,3923c285ed349846490255353dcfb774,d7371e55d474b0f40ac5811735881be592bc662d256efff252ab156e4ce13faa,False,"[flac @ 00000267ffefbcc0] invalid sync code
[flac @ 00000267ffefbcc0] invalid frame header
[flac @ 00000267ffefbcc0] decode_frame() failed
[aist#0:0/flac @ 00000267fde5aa00] [dec:flac @ 00000267fde66bc0] Decoding error: Invalid data found when processing input",0,,album; artist; description; title; tracknumber,
危险世界/05.Soundcheck.flac,危险世界,2388807,True,flac,flac,1,,44100,16,2,34.183,1507475,3590af2c519e6a248be33f63707e02a6,2c76d73e46e4c9cff925e3c5ad5cad6d716b2e43af98bd3b159d862019bf5a84,True,,0,,album; artist; description; title; tracknumber,
危险世界/06.黑白灰.flac,危险世界,25458385,True,flac,flac,1,,44100,16,2,212.988,9392767,8b402d2b31bcbc5ac1c205e1d474820c,32f447cd51928b2ea60fd7ce743980bdda74e9ae072b17c32501bc6147411c15,False,"[flac @ 000001b3a38fe540] invalid sync code
[flac @ 000001b3a38fe540] invalid frame header
[flac @ 000001b3a38fe540] decode_frame() failed
[aist#0:0/flac @ 000001b3a38aa4c0] [dec:flac @ 000001b3a38aa680] Decoding error: Invalid data found when processing input",0,,album; artist; description; title; tracknumber,
危险世界/07.桃花运.flac,危险世界,22032125,True,flac,flac,1,,44100,16,2,203.433,8971384,244e434a3a7d7ddd8233e1808cf8f4fb,3ff0889925dcb50bca464b61e6c7f00cf1c724bcff56204a619e01981d3035db,True,,0,,album; artist; description; title; tracknumber,
危险世界/08.特别的人.flac,危险世界,27091764,True,flac,flac,1,,44100,16,2,259.08,11425428,e47dfd23bd6e23c8ba96ce2a5651c701,69c8e99a8e2574d60e01b84c4eb724277dea5763e748f547090c17ea6469c434,False,"[flac @ 000001fe70ff2500] invalid sync code
[flac @ 000001fe70ff2500] invalid frame header
[flac @ 000001fe70ff2500] decode_frame() failed
[aist#0:0/flac @ 000001fe6f025ac0] [dec:flac @ 000001fe6f022ac0] Decoding error: Invalid data found when processing input",0,,album; artist; description; title; tracknumber,
危险世界/09.Weather Report.flac,危险世界,5309176,True,flac,flac,1,,44100,16,2,61.08,2693628,3e8f3d424b5ca55b52272508f9f34dfd,ccde5bd63301e6e2bd0a19be02cc0e0b1b35bb225367378eab1a59993dcb2c61,False,"[flac @ 000001888b094fc0] invalid sync code
[flac @ 000001888b094fc0] invalid frame header
[flac @ 000001888b094fc0] decode_frame() failed
[aist#0:0/flac @ 000001888b05cc00] [dec:flac @ 000001888b08a740] Decoding error: Invalid data found when processing input",0,,album; artist; description; title; tracknumber,
危险世界/10.天气先生.flac,危险世界,32652701,True,flac,flac,1,,44100,16,2,271.547,11975208,04c4673cd081984eaf129b3ee57a650c,31c4be6e6711a36e49981583c85ae600bc39fae5d2b4878ac6ba2e8a2735627d,False,"[flac @ 000001a5eeb86080] invalid sync code
[flac @ 000001a5eeb86080] invalid frame header
[flac @ 000001a5eeb86080] decode_frame() failed
[aist#0:0/flac @ 000001a5ecb70380] [dec:flac @ 000001a5ecb72780] Decoding error: Invalid data found when processing input",0,,album; artist; description; title; tracknumber,
危险世界/11.枫叶做的风铃.flac,危险世界,26162094,True,flac,flac,1,,44100,16,2,226.103,9971163,376520546fc9412981467a59f6d24a76,cfe73aa49c8973eeee16a010fedd22a3721cc8180d602e28fa85a210690a8db3,True,,0,,album; artist; description; title; tracknumber,
危险世界/12.Boarding.flac,危险世界,2083225,True,flac,flac,1,,44100,16,2,21.053,928452,56b3b0b7533203d87c1753db872482e2,6b6d832aaefb63cbcfd2c5a09e88483e010e72c8e35956ffbe375c2d0daa03eb,False,"[flac @ 0000026f3dd43f40] invalid sync code
[flac @ 0000026f3dd43f40] invalid frame header
[flac @ 0000026f3dd43f40] decode_frame() failed
[aist#0:0/flac @ 0000026f3dd3a380] [dec:flac @ 0000026f3dd41400] Decoding error: Invalid data found when processing input",0,,album; artist; description; title; tracknumber,
危险世界/13.巴黎.flac,危险世界,25073271,True,flac,flac,1,,44100,16,2,253.027,11158476,03f7cab082ae01577af56de77db55711,9d4bf6a7d4bfbe3b3a889ad7c08d73979cede3f4c89a0b9b128ddc071eff7380,False,"[flac @ 000001ef0836dc80] invalid sync code
[flac @ 000001ef0836dc80] invalid frame header
[flac @ 000001ef0836dc80] decode_frame() failed
[aist#0:0/flac @ 000001ef08319980] [dec:flac @ 000001ef0831b400] Decoding error: Invalid data found when processing input",0,,album; artist; description; title; tracknumber,
危险世界/14.爱不来 (feat. 葛仲珊).flac,危险世界,33409996,True,flac,flac,1,,44100,16,2,280.213,12357408,7b0a882c139b7a149b7e5e256cfc9b66,164bff5caa4f8de06acc526702874170899be3736f5e16919d60c534bc0f36c1,False,"[flac @ 0000013e57a05240] invalid sync code
[flac @ 0000013e57a05240] invalid frame header
[flac @ 0000013e57a05240] decode_frame() failed
[aist#0:0/flac @ 0000013e55b5b100] [dec:flac @ 0000013e55b61f80] Decoding error: Invalid data found when processing input",0,,album; artist; description; title; tracknumber,
危险世界/15.僵尸.flac,危险世界,36019005,True,flac,flac,1,,44100,16,2,290.053,12791352,bdae02c5a16a1b5720d1b820b1139af9,de79dc07180292d5ed8e6884dac930bf99be8fb726b5b35e845d1998bf609c0b,True,,0,,album; artist; description; encoder; title; tracknumber,
危险世界/16.Lights Up.flac,危险世界,46618895,True,flac,flac,1,,44100,16,2,1016.28,44817948,3b078c23eb892ffd15df3295742635c4,bd117fe110450f9036de57d2a42cad3766fad65e58eac172bc42f75e6efcab91,False,"[flac @ 000002034c89cd80] invalid sync code
[flac @ 000002034c89cd80] invalid frame header
[flac @ 000002034c89cd80] decode_frame() failed
[aist#0:0/flac @ 000002034abee000] [dec:flac @ 000002034abf2d00] Decoding error: Invalid data found when processing input",0,,album; artist; description; title; tracknumber,
回到未来/01.Can You Feel The Music.flac,回到未来,14729791,True,flac,flac,1,,44100,16,2,162.693,7174776,46488ac7e5e97bebdfc0e194208ab31a,9ceda0bff56df4aaaf1415b029a187f2df962854fa0b8cd14ef9a11e0aa07846,True,,0,,album; artist; encoder; title; tracknumber,
回到未来/02.I Want You Back.flac,回到未来,30148862,True,flac,flac,1,,44100,16,2,259.613,11448948,478f7437f019a98173d9c8c8b033c829,cbcd119ccb9e28556b813cde5528b5ea527414d5ceb4b6a10d90261cbc03bbeb,False,"[flac @ 0000021d28818700] invalid sync code
[flac @ 0000021d28818700] invalid frame header
[flac @ 0000021d28818700] decode_frame() failed
[aist#0:0/flac @ 0000021d26bacdc0] [dec:flac @ 0000021d26bb2fc0] Decoding error: Invalid data found when processing input",0,,album; artist; description; title; tracknumber,
回到未来/03.你就是.flac,回到未来,24444716,True,flac,flac,1,,44100,16,2,225.16,9929556,2e68832452ebcabcf53aac4a51c8c6b1,30df41d873a80f31c5b12f1f29b4839c9c13a3cf842a7f11740f2e026505b3f3,True,,0,,album; artist; description; encoder; title; tracknumber,
回到未来/04.千纸鹤.flac,回到未来,27122664,True,flac,flac,1,,44100,16,2,246.231,10858806,594c3a245c474b1a5132d2601b29e49b,851973f204001f169dd07f86a5eae0e1cf610b4f5290b980d1bd7b23e4e6e0d4,True,,0,,album; artist; description; encoder; title; tracknumber,
回到未来/05.关于爱的定义.flac,回到未来,25946703,True,flac,flac,1,,44100,16,2,239.12,10545192,f5eaf122ef3fdf2e6fcbb7fb9f3fbb01,da03eb44b5beb0e9c3f0008baa4075ec2817b84618cbc4b3dfbbe38fd708a501,False,"[flac @ 0000023f05f068c0] invalid sync code
[flac @ 0000023f05f068c0] invalid frame header
[flac @ 0000023f05f068c0] decode_frame() failed
[aist#0:0/flac @ 0000023f03f79900] [dec:flac @ 0000023f03f81f40] Decoding error: Invalid data found when processing input",0,,album; artist; description; title; tracknumber,
回到未来/06.麦恩莉.flac,回到未来,31032653,True,flac,flac,1,,44100,16,2,288.36,12716676,4abf57d3a51f02993ed542b0c6b18273,67601c462748a0ea29698fe39ec59d727d064075880b3ac07812f93121d4ed0f,True,,0,,album; artist; description; encoder; title; tracknumber,
回到未来/07.孤独孩儿.flac,回到未来,25811921,True,flac,flac,1,,44100,16,2,216.627,9553236,d7e86dd0b49dc34e192f32ae84e136f7,af3df05e66bf7644653178bc81d0735b8d7c48756aa8cc6afec11f1591df6881,True,,0,,album; artist; description; encoder; title; tracknumber,
回到未来/08.Romeo.flac,回到未来,23823456,True,flac,flac,1,,44100,16,2,211.973,9348024,f8a944b1563e1b3e7c68cdd5c08b2908,72c1f275b6bcadfbe572bd3ea3a21cff1bf80368cc5fa97d54aba75157d1ebb3,False,"[flac @ 000001e38465b400] invalid sync code
[flac @ 000001e38465b400] invalid frame header
[flac @ 000001e38465b400] decode_frame() failed
[aist#0:0/flac @ 000001e3825aaf40] [dec:flac @ 000001e3825aca00] Decoding error: Invalid data found when processing input",0,,album; artist; description; title; tracknumber,
回到未来/09.妈妈说.flac,回到未来,23820412,True,flac,flac,1,,44100,16,2,247.16,10899756,2eb3d78eabb2ae54ad39b2a1340c7999,b8885052e6241eded652ec98a3b3f58fe2e60c5e8ae302193302026e6226b9eb,True,,0,,album; artist; description; encoder; title; tracknumber,
回到未来/10.爱立刻.flac,回到未来,29781829,True,flac,flac,1,,44100,16,2,261.948,11551899,22c097610323b6e64977a8c710651e42,ffb544ea4b36d72bffa68b4619c9e9e463df31cf4699ebefd4e88d97950530bc,True,,0,,album; artist; description; title; tracknumber,
回到未来/11.BB88.flac,回到未来,22607531,True,flac,flac,1,,44100,16,2,198.706,8762940,a080862e708ca2645af1e2f3e1011ea4,b49d798b04acd9d57f015e1863d33a15f917b91c8247be066e7ee4af2c241df4,True,,0,,album; artist; description; encoder; title; tracknumber,
未来/01.Love Song.flac,未来,29588334,True,flac,flac,1,,44100,16,2,269.293,11875836,fbd3b8611a577e9d6f769a39433b1780,3bc9ecf4fd41018515d9cbc570a93a1cb54e0e5ddaedb8b26b964b597cb73e5c,False,"[flac @ 000001d64d3f6f80] invalid sync code
[flac @ 000001d64d3f6f80] invalid frame header
[flac @ 000001d64d3f6f80] decode_frame() failed
[aist#0:0/flac @ 000001d64d3ac440] [dec:flac @ 000001d64d3b0180] Decoding error: Invalid data found when processing input",0,,album; artist; description; title; tracknumber,
未来/02.够不够.flac,未来,24298188,True,flac,flac,1,,44100,16,2,223.16,9841356,0ade11bae7fe81c4830aaf6a0ed98023,ee2526fae4b179d7287bdfc283918afb18e057e05c53fefad4a79b408880cd6a,True,,0,,album; artist; description; encoder; title; tracknumber,
未来/03.暖.flac,未来,22816060,True,flac,flac,1,,44100,16,2,224.0,9878400,d3a6de6c3861ee7c6f235ec342c1d291,5705f993ebf1c1415e6911c3cc634b56c23742fc57bf0a3ff4ef4586f0ae2e47,True,,0,,album; artist; description; encoder; title; tracknumber,
未来/04.爱在.flac,未来,25333523,True,flac,flac,1,,44100,16,2,243.733,10748640,ef272ca6eb44a1e335c3ac5e1e65cc48,09a009c273d3254958d0526e7b1835a6b0cbe0f491552156cfd4c49767d2476e,True,,0,,album; artist; description; encoder; title; tracknumber,
未来/05.公园.flac,未来,26678529,True,flac,flac,1,,44100,16,2,241.333,10642800,a949c951777fccc25783531d568868ae,cccc7b2bde1630029f31ffdc77e01811818041f375083255ae1065bb76d32083,True,,0,,album; artist; description; encoder; title; tracknumber,
未来/06.简单最浪漫.flac,未来,27543393,True,flac,flac,1,,44100,16,2,252.787,11147892,9924603a4c5b0dcf9389e1ec20362f80,ad120e1d04a7b8724e553e5bcb652af0b2d92b676fa5efa6121430bef13f3b78,False,"[flac @ 000001b1a8981380] invalid sync code
[flac @ 000001b1a8981380] invalid frame header
[flac @ 000001b1a8981380] decode_frame() failed
[aist#0:0/flac @ 000001b1a8948dc0] [dec:flac @ 000001b1a8948fc0] Decoding error: Invalid data found when processing input",0,,album; artist; description; title; tracknumber,
未来/07.十九八七….flac,未来,32748989,True,flac,flac,1,,44100,16,2,312.787,13793892,d113d18539e6dcb4cc91443375954af2,1848fde9060220f45bfb23749f16f0e0229f72977b0eb3cecb4b1c6bd79c79e3,True,,0,,album; artist; description; encoder; title; tracknumber,
未来/08.未来.flac,未来,21524866,True,flac,flac,2,video/mjpeg,44100,16,2,181.333,7996800,1d5a4b2597cd2d79ca1014b35978b7fb,a9e8fe09dc044e76e7701d506a2bf0e8ba4ea2267a418ac7702768c681dabaac,True,,1,type=3 image/jpeg 0x0 493415B,acoustid_fingerprint; acoustid_id; album; album artist; album_artist; album_artists; albumartist; albumartist_credit; albumartists; albumartists_credit; albumartists_sort; albumartistsort; arranger; artist; artist_credit; artists; artists_credit; artists_sort; artistsort; asin; barcode; bpm; catalognumber; comment; compilation; composer; composersort; date; description; disc; discc; discnumber; discsubtitle; disctotal; encodedby; encoder; genre; grouping; isrc; label; language; lyricist; lyrics; media; musicbrainz_albumartistid; musicbrainz_albumcomment; musicbrainz_albumid; musicbrainz_albumstatus; musicbrainz_albumtype; musicbrainz_artistid; musicbrainz_releasegroupid; musicbrainz_releasetrackid; musicbrainz_trackid; musicbrainz_workid; originaldate; publisher; releasecountry; releasestatus; releasetype; script; title; totaldiscs; totaltracks; track; trackc; tracknumber; tracktotal; year,
未来/09.忘了美丽.flac,未来,28288079,True,flac,flac,1,,44100,16,2,268.92,11859372,7dc54696fcbcc42eef86e206f4a637de,59077c51273f80519e8de9eae37ab03f097c473e574927daff41b9edd3ea33ef,True,,0,,album; artist; description; title; tracknumber,
未来/10.Sorry.flac,未来,22790564,True,flac,flac,1,,44100,16,2,222.653,9819012,4ce8207448847761df42d1dcbdb06f01,2ffbd411666e9973e53a0e9561997d8939e1ffe18887fe88580626d4b3c29278,True,,0,,album; artist; description; encoder; title; tracknumber,
未来/11.爱爱爱 (Acounstic Version).flac,未来,19015227,True,flac,flac,1,,44100,16,2,225.24,9933084,437efbf8245f3582889475aeddb35c73,57f0790b879f742f4df978f3566e63584533204a529d2957a4e4b14bb031cc2f,False,"[flac @ 0000024a4348e880] invalid sync code
[flac @ 0000024a4348e880] invalid frame header
[flac @ 0000024a4348e880] decode_frame() failed
[aist#0:0/flac @ 0000024a43439280] [dec:flac @ 0000024a4343b040] Decoding error: Invalid data found when processing input",0,,album; artist; description; title; tracknumber,
梦想家 The Dreamer/01.XZMHXDXH.flac,梦想家 The Dreamer,39123067,True,flac,flac,1,,48000,24,2,208.498,10007889,de7bbe8725b71991ff470c4d53597303,7f60bc50235752146978c7108b5d62cf30c0f7b0ef6abc5422c3c187d5ded322,False,"[flac @ 000002046d804700] invalid sync code
[flac @ 000002046d804700] invalid frame header
[flac @ 000002046d804700] decode_frame() failed
[aist#0:0/flac @ 000002046b8d9700] [dec:flac @ 000002046b8dfa80] Decoding error: Invalid data found when processing input",0,,album; artist; description; title; tracknumber,
梦想家 The Dreamer/02.江湖中人.flac,梦想家 The Dreamer,34005791,True,flac,flac,1,,48000,24,2,186.732,8963140,52aaaba4862ac16113ea76fbe054e8af,1705c7600fb3545d755987ffb6168726299e90d37ae99f87501198488bf7c6cf,False,"[flac @ 000001f3a765d740] invalid sync code
[flac @ 000001f3a765d740] invalid frame header
[flac @ 000001f3a765d740] decode_frame() failed
[aist#0:0/flac @ 000001f3a7611240] [dec:flac @ 000001f3a7614300] Decoding error: Invalid data found when processing input",0,,album; artist; description; title; tracknumber,
梦想家 The Dreamer/03.GF.flac,梦想家 The Dreamer,52417871,True,flac,flac,1,,48000,24,2,284.577,13659707,5aef088dccd302012fb779b349871f5c,17eaf3fc3d777fe62ef6cc04be6cc12271682000cf412269dc07e22e695da081,False,"[flac @ 000001b5725d6e80] invalid sync code
[flac @ 000001b5725d6e80] invalid frame header
[flac @ 000001b5725d6e80] decode_frame() failed
[aist#0:0/flac @ 000001b574443fc0] [dec:flac @ 000001b57258b600] Decoding error: Invalid data found when processing input",0,,album; artist; description; title; tracknumber,
梦想家 The Dreamer/04.Tango.flac,梦想家 The Dreamer,27345615,True,flac,flac,1,,48000,24,2,164.132,7878324,3d344378b66007c26a2db72509837ead,dff9f9841553b732c85634710662cebe62923c59036f005f4ddc8140518cfb1b,False,"[flac @ 0000021a6d2d3780] invalid sync code
[flac @ 0000021a6d2d3780] invalid frame header
[flac @ 0000021a6d2d3780] decode_frame() failed
[aist#0:0/flac @ 0000021a6d2c95c0] [dec:flac @ 0000021a6d2c9780] Decoding error: Invalid data found when processing input",0,,album; artist; description; title; tracknumber,
梦想家 The Dreamer/05.才二十三.flac,梦想家 The Dreamer,44820750,True,flac,flac,1,,48000,24,2,224.499,10775942,00b41de6a61cd0a92d640af30bfe30ad,26ee919835c6349b0508d6df28ec177d527b7a277fa6224a8a84f952a4d0085f,False,"[flac @ 0000023e9a6b97c0] invalid sync code
[flac @ 0000023e9a6b97c0] invalid frame header
[flac @ 0000023e9a6b97c0] decode_frame() failed
[aist#0:0/flac @ 0000023e9a66c140] [dec:flac @ 0000023e9a67f240] Decoding error: Invalid data found when processing input",0,,album; artist; description; title; tracknumber,
梦想家 The Dreamer/06.谁知爱是什么.flac,梦想家 The Dreamer,34848414,True,flac,flac,1,,48000,24,2,182.742,8771630,7d75e0c54789cfa64b3ee149074b8d06,8f0aa8084ff5fa76233825e0d2083a6b4f0c43590fb55d106e42c4e395a6640d,False,"[flac @ 000001fddd496c00] invalid sync code
[flac @ 000001fddd496c00] invalid frame header
[flac @ 000001fddd496c00] decode_frame() failed
[aist#0:0/flac @ 000001fddb5fc080] [dec:flac @ 000001fddb5fb580] Decoding error: Invalid data found when processing input",0,,album; artist; description; title; tracknumber,
梦想家 The Dreamer/07.我不是农人.flac,梦想家 The Dreamer,35314422,True,flac,flac,1,,48000,24,2,190.099,9124747,5644f1fba661369deb7edab3811776bf,ff25b2d69ab8dd4ce5645d9b7319a13662418ce4baf5a5a5662e752a59ed0dc5,False,"[flac @ 00000258a7877c00] invalid sync code
[flac @ 00000258a7877c00] invalid frame header
[flac @ 00000258a7877c00] decode_frame() failed
[aist#0:0/flac @ 00000258a782c5c0] [dec:flac @ 00000258a782bb40] Decoding error: Invalid data found when processing input",0,,album; artist; description; title; tracknumber,
梦想家 The Dreamer/08.那沙漠里的水.flac,梦想家 The Dreamer,28073556,True,flac,flac,1,,48000,24,2,161.0,7728001,12a6e5b8d2cdd940894793d932eb05e4,83ddf5fc1da6a6df8001ba6f7e6ff3a29a5f10db1fa4daf9821509e9ea800114,False,"[flac @ 00000227674012c0] invalid sync code
[flac @ 00000227674012c0] invalid frame header
[flac @ 00000227674012c0] decode_frame() failed
[aist#0:0/flac @ 000002276573d500] [dec:flac @ 000002276573a980] Decoding error: Invalid data found when processing input",0,,album; artist; description; title; tracknumber,
梦想家 The Dreamer/09.回留.flac,梦想家 The Dreamer,43700646,True,flac,flac,1,,48000,24,2,236.344,11344494,e9894fc18762e481743062d90bc1b66c,758e48ef617bf7d876678512c68d3d344edd73b719ef12a6694da9eb3c1d79be,False,"[flac @ 000001f1fbdb3b40] invalid sync code
[flac @ 000001f1fbdb3b40] invalid frame header
[flac @ 000001f1fbdb3b40] decode_frame() failed
[aist#0:0/flac @ 000001f1fbda9e40] [dec:flac @ 000001f1fbdaa0c0] Decoding error: Invalid data found when processing input",0,,album; artist; description; title; tracknumber,
梦想家 The Dreamer/10.没啥好说.flac,梦想家 The Dreamer,42526066,True,flac,flac,1,,48000,24,2,209.82,10071337,403da9e39c214d331bf9a21c5d434600,190424287a5f1a0abdcd4b1d365e6ca815fb26d807b282949c47648e59aeee5f,False,"[flac @ 00000287f836e840] invalid sync code
[flac @ 00000287f836e840] invalid frame header
[flac @ 00000287f836e840] decode_frame() failed
[aist#0:0/flac @ 00000287f831b180] [dec:flac @ 00000287f831bd40] Decoding error: Invalid data found when processing input",0,,album; artist; description; title; tracknumber,
爱爱爱/01.爱爱爱.flac,爱爱爱,25031017,True,flac,flac,1,,44100,16,2,213.267,9405060,63f5f773821a972ed1857c2c8718ce38,224d4a967bc3bbe28120a45c6cae6260681c7496a44975c8cabd530dd77ebfb3,True,,0,,album; artist; description; encoder; title; tracknumber,
爱爱爱/02.苏丽珍.flac,爱爱爱,24388348,True,flac,flac,1,,44100,16,2,217.093,9573816,c9f6bb8c4daa07b3f8535789d2f3644e,fc8e532679cf2ab318df5ddbef8c0402001965ccc4408471e81807e1ce66a84c,False,"[flac @ 000001a43fb436c0] invalid sync code
[flac @ 000001a43fb436c0] invalid frame header
[flac @ 000001a43fb436c0] decode_frame() failed
[aist#0:0/flac @ 000001a43fb3b640] [dec:flac @ 000001a43fb3b840] Decoding error: Invalid data found when processing input",0,,album; artist; description; title; tracknumber,
爱爱爱/03.歌手与模特儿.flac,爱爱爱,23886742,True,flac,flac,1,,44100,16,2,221.707,9777264,f133e511d59aa72636168b7cf3522573,6c40fe1328bc143ac184dd61363bc2965e6b28c051cb49b05307cbba35650cab,False,"[flac @ 00000118b66343c0] invalid sync code
[flac @ 00000118b66343c0] invalid frame header
[flac @ 00000118b66343c0] decode_frame() failed
[aist#0:0/flac @ 00000118b65ebb80] [dec:flac @ 00000118b65ebd40] Decoding error: Invalid data found when processing input",0,,album; artist; description; title; tracknumber,
爱爱爱/04.唉!.flac,爱爱爱,24647970,True,flac,flac,1,,44100,16,2,220.707,9733164,753605a5e189210bf8e9cac850ee01b1,485cb21179b4c6ededf2614e73b14405415bddaf7c7df561a4c22d2fe8c23c0e,False,"[flac @ 000002b5816189c0] invalid sync code
[flac @ 000002b5816189c0] invalid frame header
[flac @ 000002b5816189c0] decode_frame() failed
[aist#0:0/flac @ 000002b5815cb300] [dec:flac @ 000002b5815d5f80] Decoding error: Invalid data found when processing input",0,,album; artist; description; title; tracknumber,
爱爱爱/05.四人游.flac,爱爱爱,22221487,True,flac,flac,1,,44100,16,2,228.293,10067736,405d80ded55a56eb02aebb3a2a067b49,9c96355187d75a97fc3485c1683d4cf877bdbb8445c29099e6c152174ee52fb9,False,"[flac @ 000001fb59d096c0] invalid sync code
[flac @ 000001fb59d096c0] invalid frame header
[flac @ 000001fb59d096c0] decode_frame() failed
[aist#0:0/flac @ 000001fb59cb94c0] [dec:flac @ 000001fb59cc0b80] Decoding error: Invalid data found when processing input",0,,album; artist; description; title; tracknumber,
爱爱爱/06.手拖手.flac,爱爱爱,16444836,True,flac,flac,1,,44100,16,2,163.8,7223580,62f57ef418c01af52d86880bc5bb2b93,4ba9ca35c44f6ad98856a639bcc4efa1998831c850d740a02d6468af6562ece6,False,"[flac @ 000001e5d0ff55c0] invalid sync code
[flac @ 000001e5d0ff55c0] invalid frame header
[flac @ 000001e5d0ff55c0] decode_frame() failed
[aist#0:0/flac @ 000001e5d0fac480] [dec:flac @ 000001e5d0fac680] Decoding error: Invalid data found when processing input",0,,album; artist; description; title; tracknumber,
爱爱爱/07.偷笑.flac,爱爱爱,19976468,True,flac,flac,1,,44100,16,2,227.013,10011288,76ec13f31d929d94f8bc0da5a9f7999c,4cf7b126fd6a12180b4c8f078a43ff439e7f62ae9b637b1e4b0ab8d73cfd59bf,False,"[flac @ 000001e4ea841680] invalid sync code
[flac @ 000001e4ea841680] invalid frame header
[flac @ 000001e4ea841680] decode_frame() failed
[aist#0:0/flac @ 000001e4e8927ec0] [dec:flac @ 000001e4e89280c0] Decoding error: Invalid data found when processing input",0,,album; artist; description; title; tracknumber,
爱爱爱/08.Goodbye Melody Rose.flac,爱爱爱,20996866,True,flac,flac,1,,44100,16,2,187.0,8246700,85b574fdce52339695f2d008c230ef02,5054ee3df1354ffa90e22802903087fd3cdd1cc161d9e9f03dfc2e719fc1b40e,False,"[flac @ 0000015348e8c8c0] invalid sync code
[flac @ 0000015348e8c8c0] invalid frame header
[flac @ 0000015348e8c8c0] decode_frame() failed
[aist#0:0/flac @ 0000015348e3a2c0] [dec:flac @ 0000015348e43500] Decoding error: Invalid data found when processing input",0,,album; artist; description; title; tracknumber,
爱爱爱/09.诗人的情人.flac,爱爱爱,25704103,True,flac,flac,1,,44100,16,2,231.507,10209444,2aa48d692ccdb71f49e510821827903c,95671c8f7a55f656332804e650063506d1e8ff852c01131aa16493453504c1dd,False,"[flac @ 0000022513812500] invalid sync code
[flac @ 0000022513812500] invalid frame header
[flac @ 0000022513812500] decode_frame() failed
[aist#0:0/flac @ 000002251177a900] [dec:flac @ 000002251177cd00] Decoding error: Invalid data found when processing input",0,,album; artist; description; title; tracknumber,
爱爱爱/10.拖男带女.flac,爱爱爱,32380920,True,flac,flac,1,,44100,16,2,294.493,12987156,099670b1c80678a49b45dfd0e6df6072,2162f57089ffc35dfa384ef45c364b0e073447e03dc7dfe27d5d3d4a564eebfe,False,"[flac @ 000002868c1fddc0] invalid sync code
[flac @ 000002868c1fddc0] invalid frame header
[flac @ 000002868c1fddc0] decode_frame() failed
[aist#0:0/flac @ 000002868c1c58c0] [dec:flac @ 000002868c1c3ac0] Decoding error: Invalid data found when processing input",0,,album; artist; description; title; tracknumber,
爱爱爱/11.Love Outrolude (Instrumental).flac,爱爱爱,7756838,True,flac,flac,1,,44100,16,2,92.0,4057200,e23b55a41857ea253ae5eb9949722e4f,7c9dbb012b6ad9f6e3bb699ef0a6e364137c2ec92c635f534bdfe8a994cd6c12,False,"[flac @ 0000018fc9c14500] invalid sync code
[flac @ 0000018fc9c14500] invalid frame header
[flac @ 0000018fc9c14500] decode_frame() failed
[aist#0:0/flac @ 0000018fc7c1a740] [dec:flac @ 0000018fc7c1c200] Decoding error: Invalid data found when processing input",0,,album; artist; description; title; tracknumber,
爱爱爱/12.If You Leave Me Now.flac,爱爱爱,23363409,True,flac,flac,1,,44100,16,2,222.987,9833712,42dc6694476774195dc525b7553d1d06,fcd3dcaf61bd078a3d10c296b3ae3f1aeb1b4f6e327c7daced1c3db74b8a7efc,True,,0,,album; artist; description; encoder; title; tracknumber,
爱爱爱/13.春风吹之吹吹风mix.flac,爱爱爱,19697057,True,flac,flac,1,,44100,16,2,204.173,9004044,5672f89c8f3787bc373291fab6250441,9d25746151449a169c3f6d554ce5d6db4bb3707bdd70cc8544498b7dd9768278,False,"[flac @ 0000017d3233a980] invalid sync code
[flac @ 0000017d3233a980] invalid frame header
[flac @ 0000017d3233a980] decode_frame() failed
[aist#0:0/flac @ 0000017d307ad540] [dec:flac @ 0000017d307b0d40] Decoding error: Invalid data found when processing input",0,,album; artist; description; title; tracknumber,
