relpath,picture_summary
2005 - Soulboy/01 Prologue.flac,type=3 image/png 500x500 412319B
2005 - Soulboy/02 妹妹.flac,type=3 image/png 500x500 412319B
2005 - Soulboy/03 春風吹.flac,type=3 image/png 500x500 412319B
2005 - Soulboy/04 每天每天.flac,type=3 image/png 500x500 412319B
2005 - Soulboy/05 女人.flac,type=3 image/png 500x500 412319B
2005 - Soulboy/06 叫我怎麼說.flac,type=3 image/png 500x500 412319B
2005 - Soulboy/07 哪怕.flac,type=3 image/png 500x500 412319B
2005 - Soulboy/08 南音.flac,type=3 image/png 500x500 412319B
2005 - Soulboy/09 我們能不能.flac,type=3 image/png 500x500 412319B
2005 - Soulboy/10 跳.flac,type=3 image/png 500x500 412319B
2005 - Soulboy/11 總結.flac,type=3 image/png 500x500 412319B
2005 - Soulboy/12 趕場.flac,type=3 image/png 500x500 412319B
2005 - Soulboy/13 等著你回來.flac,type=3 image/png 500x500 412319B
2005 - Soulboy/14 认识你 (Hidden Track).flac,type=3 image/png 500x500 412319B
2011 - 15/10.Take Me.flac,type=3 image/jpeg 0x0 187287B
2011 - 15/12.Over Reprise.flac,type=3 image/jpeg 500x375 60841B
2013 - The Soulboy Collection/Disc 1/1-01-妹妹.flac,type=3 image/jpeg 500x500 49979B
2013 - The Soulboy Collection/Disc 1/1-02-春風吹.flac,type=3 image/jpeg 500x500 49979B
2013 - The Soulboy Collection/Disc 1/1-03-南音.flac,type=3 image/jpeg 500x500 49979B
2013 - The Soulboy Collection/Disc 1/1-04-我們能不能.flac,type=3 image/jpeg 500x500 49979B
2013 - The Soulboy Collection/Disc 1/1-05-每天每天.flac,type=3 image/jpeg 500x500 49979B
2013 - The Soulboy Collection/Disc 1/1-06-愛愛愛.flac,type=3 image/jpeg 500x500 49979B
2013 - The Soulboy Collection/Disc 1/1-07-蘇麗珍.flac,type=3 image/jpeg 500x500 49979B
2013 - The Soulboy Collection/Disc 1/1-08-四人遊.flac,type=3 image/jpeg 500x500 49979B
2013 - The Soulboy Collection/Disc 1/1-09-詩人的情人.flac,type=3 image/jpeg 500x500 49979B
2013 - The Soulboy Collection/Disc 1/1-10-歌手與模特兒.flac,type=3 image/jpeg 500x500 49979B
2013 - The Soulboy Collection/Disc 1/1-11-Love Song.flac,type=3 image/jpeg 500x500 49979B
2013 - The Soulboy Collection/Disc 1/1-12-夠不夠.flac,type=3 image/jpeg 500x500 49979B
2013 - The Soulboy Collection/Disc 1/1-13-Sorry.flac,type=3 image/jpeg 500x500 49979B
2013 - The Soulboy Collection/Disc 1/1-14-公園.flac,type=3 image/jpeg 500x500 49979B
2013 - The Soulboy Collection/Disc 1/1-15-愛在.flac,type=3 image/jpeg 500x500 49979B
2013 - The Soulboy Collection/Disc 1/1-16-Singalongsong.flac,type=3 image/jpeg 500x500 49979B
2013 - The Soulboy Collection/Disc 1/1-17-小小蟲.flac,type=3 image/jpeg 500x500 49979B
2013 - The Soulboy Collection/Disc 1/1-18-每個人都會.flac,type=3 image/jpeg 500x500 49979B
2013 - The Soulboy Collection/Disc 2/2-01-三人遊.flac,type=3 image/jpeg 500x500 49979B
2013 - The Soulboy Collection/Disc 2/2-02-1234567.flac,type=3 image/jpeg 500x500 49979B
2013 - The Soulboy Collection/Disc 2/2-03-Nothing’s Gonna Change My Love for You.flac,type=3 image/jpeg 500x500 49979B
2013 - The Soulboy Collection/Disc 2/2-04-月亮代表我的心.flac,type=3 image/jpeg 500x500 49979B
2013 - The Soulboy Collection/Disc 2/2-05-紅豆.flac,type=3 image/jpeg 500x500 49979B
2013 - The Soulboy Collection/Disc 2/2-06-Wonderful Tonight.flac,type=3 image/jpeg 500x500 49979B
2013 - The Soulboy Collection/Disc 2/2-07-You Are the Sunshine of My Life.flac,type=3 image/jpeg 500x500 49979B
2013 - The Soulboy Collection/Disc 2/2-08-張永成.flac,type=3 image/jpeg 1425x1425 570890B
2013 - The Soulboy Collection/Disc 2/2-09-自以為.flac,type=3 image/jpeg 500x500 49979B
2013 - The Soulboy Collection/Disc 2/2-10-好不容易.flac,type=3 image/jpeg 500x500 49979B
2013 - The Soulboy Collection/Disc 2/2-11-因為你.flac,type=3 image/jpeg 500x500 49979B
2013 - The Soulboy Collection/Disc 2/2-12-情勝策略.flac,type=3 image/jpeg 500x500 49979B
2013 - The Soulboy Collection/Disc 2/2-13-千紙鶴.flac,type=3 image/jpeg 500x500 49979B
2013 - The Soulboy Collection/Disc 2/2-14-Romeo.flac,type=3 image/jpeg 500x500 49979B
2013 - The Soulboy Collection/Disc 2/2-15-愛立刻.flac,type=3 image/jpeg 500x500 49979B
2013 - The Soulboy Collection/Disc 2/2-16-BB88.flac,type=3 image/jpeg 500x500 49979B
2013 - The Soulboy Collection/Disc 2/2-17-關於愛的定義.flac,type=3 image/jpeg 500x500 49979B
2013 - The Soulboy Collection/Disc 2/2-18-玩樂.flac,type=3 image/jpeg 500x500 49979B
2016-JTW 西游记（BLACK）[flac]/方大同-Love You So Much.flac,type=3 image/jpeg 0x0 70216B
2016-JTW 西游记（BLACK）[flac]/方大同-Ring Finger.flac,type=3 image/jpeg 0x0 70216B
未来/08.未来.flac,type=3 image/jpeg 0x0 493415B
