path,status,sr,bps,duration_s,want_samples,decoded,detail
chengyue/1.01. Singalongsong.flac,OK,44100,16,198.573,8757084,8757084,
chengyue/1.04. 黑白.flac,OK,44100,16,231.613,10214148,10214148,
chengyue/1.06. 黑洞裡.flac,OK,44100,16,213.587,9419172,9419172,
chengyue/1.08. 每個人都會.flac,OK,44100,16,178.36,7865676,7865676,
chengyue/1.09. 100種表情.flac,OK,44100,16,223.027,9835476,9835476,
chengyue/1.10. 愛我吧.flac,OK,44100,16,287.04,12658464,12658464,
chengyue/11 為妳寫的歌 (Singalongsong 中文版).flac,OK,44100,16,197.274,8699770,8699770,
chengyue/1234567-方大同.flac,OK,44100,16,226.213,9976008,9976008,
concert/03. Khalil Fong - Black And White [Timeless Live 2009].flac,OK,44100,16,245.027,10805676,10805676,
concert/06. Khalil Fong - Man And Woman [Timeless Live 2009].flac,OK,44100,16,209.48,9238068,9238068,
concert/07. Khalil Fong - Sweety Pie [Timeless Live 2009].flac,OK,44100,16,275.307,12141024,12141024,
concert/10. Khalil Fong - La Bamba [Timeless Live 2009].flac,OK,44100,16,238.187,10504032,10504032,
concert/102. Khalil Fong - Bad [Timeless Live 2009].flac,OK,44100,16,277.413,12233928,12233928,
concert/103. Khalil Fong - 1234567 [Timeless Live 2009].flac,OK,44100,16,239.56,10564596,10564596,
concert/112. Khalil Fong - Sound From The North Side [Timeless Live 2009].flac,OK,44100,16,288.28,12713148,12713148,
concert/115. Khalil Fong - Georgia on my mind [Timeless Live 2009].flac,OK,44100,16,320.84,14149044,14149044,
concert/12. Khalil Fong - Singalongsong [Timeless Live 2009].flac,OK,44100,16,195.387,8616552,8616552,
gold/12. All Night (feat. Diana Wang).flac,MD5_MISMATCH,44100,24,215.08,9485010,9485010,
gold/13. Right Girl.flac,MD5_MISMATCH,44100,24,205.973,9083406,9083406,
gold/14. Run From Your Love (feat. Fifi Rong).flac,MD5_MISMATCH,44100,24,275.506,12149826,12149826,
gold/15. 烦.flac,MD5_MISMATCH,44100,24,282.78,12470612,12470612,
gold/16. Once.flac,MD5_MISMATCH,44100,24,171.893,7580478,7580478,
gold/17. 无所谓 (feat. Jane Zhang).flac,MD5_MISMATCH,44100,24,265.466,11707062,11707062,
gold/18. 黑夜.flac,MD5_MISMATCH,44100,24,313.44,13822686,13822686,
gold/19. 很不低调.flac,MD5_MISMATCH,44100,24,271.053,11953434,11953434,
gold/20. 放不过自己.flac,MD5_MISMATCH,44100,24,287.28,12669030,12669030,
gold/21. As I Do.flac,MD5_MISMATCH,44100,24,252.386,11130234,11130234,
