relpath,sr,cutoff_hz,nyquist,ratio,peak_db,segments,error
2005 - Soulboy/01 Prologue.flac,44100,22050,22050.0,1.0,41,3,
2005 - Soulboy/02 妹妹.flac,44100,22050,22050.0,1.0,49,3,
2005 - Soulboy/03 春風吹.flac,44100,22050,22050.0,1.0,45,3,
2005 - Soulboy/04 每天每天.flac,44100,22050,22050.0,1.0,48,3,
2005 - Soulboy/05 女人.flac,44100,22050,22050.0,1.0,42,3,
2005 - Soulboy/06 叫我怎麼說.flac,44100,22050,22050.0,1.0,45,3,
2005 - Soulboy/07 哪怕.flac,44100,22050,22050.0,1.0,46,3,
2005 - Soulboy/08 南音.flac,44100,22050,22050.0,1.0,46,3,
2005 - Soulboy/09 我們能不能.flac,44100,22050,22050.0,1.0,50,3,
2005 - Soulboy/10 跳.flac,44100,22050,22050.0,1.0,55,3,
2005 - Soulboy/11 總結.flac,44100,22050,22050.0,1.0,49,3,
2005 - Soulboy/12 趕場.flac,44100,22050,22050.0,1.0,45,3,
2005 - Soulboy/13 等著你回來.flac,44100,22050,22050.0,1.0,48,3,
2005 - Soulboy/14 认识你 (Hidden Track).flac,44100,22050,22050.0,1.0,46,3,
2008 - 橙月 Orange Moon[flac]/01.Singalongsong.flac,44100,22050,22050.0,1.0,47,3,
2008 - 橙月 Orange Moon[flac]/02.小小虫.flac,44100,22050,22050.0,1.0,50,3,
2008 - 橙月 Orange Moon[flac]/03.1234567.flac,44100,22050,22050.0,1.0,51,3,
2008 - 橙月 Orange Moon[flac]/04.黑白.flac,44100,22050,22050.0,1.0,48,3,
2008 - 橙月 Orange Moon[flac]/05.如果爱.flac,44100,22050,22050.0,1.0,51,3,
2008 - 橙月 Orange Moon[flac]/06.黑洞里.flac,44100,22050,22050.0,1.0,50,3,
2008 - 橙月 Orange Moon[flac]/07.三人游.flac,44100,22050,22050.0,1.0,48,3,
2008 - 橙月 Orange Moon[flac]/08.每个人都会.flac,44100,22050,22050.0,1.0,47,3,
2008 - 橙月 Orange Moon[flac]/09.100种表情.flac,44100,22050,22050.0,1.0,50,3,
2008 - 橙月 Orange Moon[flac]/10.爱我吧.flac,44100,22050,22050.0,1.0,52,3,
2008 - 橙月 Orange Moon[flac]/11.为你写的歌.flac,44100,22050,22050.0,1.0,48,3,
2008 - 橙月 Orange Moon[flac]/12.Orange Moon.flac,44100,22050,22050.0,1.0,43,3,
2011 - 15/01.Gotta Make A Change.flac,44100,22050,22050.0,1.0,46,3,
2011 - 15/02.昙花.flac,44100,22050,22050.0,1.0,54,3,
2011 - 15/03.张永成 (feat. Ghost Style).flac,44100,22050,22050.0,1.0,53,3,
2011 - 15/04.因为你.flac,44100,22050,22050.0,1.0,52,3,
2011 - 15/05.情胜策略.flac,44100,22050,22050.0,1.0,48,3,
2011 - 15/06.无菇朋友.flac,44100,22050,22050.0,1.0,52,3,
2011 - 15/07.自以为 (feat.徐佳莹).flac,44100,22050,22050.0,1.0,51,3,
2011 - 15/08.二人游.flac,44100,22050,22050.0,1.0,53,3,
2011 - 15/09.Over.flac,44100,22050,22050.0,1.0,50,3,
2011 - 15/10.Take Me.flac,44100,22050,22050.0,1.0,53,3,
2011 - 15/11.好不容易.flac,44100,22050,22050.0,1.0,52,3,
2011 - 15/12.Over Reprise.flac,44100,22050,22050.0,1.0,49,3,
2013 - The Soulboy Collection/Disc 1/1-01-妹妹.flac,44100,22050,22050.0,1.0,49,3,
2013 - The Soulboy Collection/Disc 1/1-02-春風吹.flac,44100,22050,22050.0,1.0,45,3,
2013 - The Soulboy Collection/Disc 1/1-03-南音.flac,44100,22050,22050.0,1.0,46,3,
2013 - The Soulboy Collection/Disc 1/1-04-我們能不能.flac,44100,22050,22050.0,1.0,50,3,
2013 - The Soulboy Collection/Disc 1/1-05-每天每天.flac,44100,22050,22050.0,1.0,48,3,
2013 - The Soulboy Collection/Disc 1/1-06-愛愛愛.flac,44100,22050,22050.0,1.0,52,3,
2013 - The Soulboy Collection/Disc 1/1-07-蘇麗珍.flac,44100,22050,22050.0,1.0,53,3,
2013 - The Soulboy Collection/Disc 1/1-08-四人遊.flac,44100,22050,22050.0,1.0,51,3,
2013 - The Soulboy Collection/Disc 1/1-09-詩人的情人.flac,44100,22050,22050.0,1.0,55,3,
2013 - The Soulboy Collection/Disc 1/1-10-歌手與模特兒.flac,44100,22050,22050.0,1.0,52,3,
2013 - The Soulboy Collection/Disc 1/1-11-Love Song.flac,44100,22050,22050.0,1.0,50,3,
2013 - The Soulboy Collection/Disc 1/1-12-夠不夠.flac,44100,22050,22050.0,1.0,50,3,
2013 - The Soulboy Collection/Disc 1/1-13-Sorry.flac,44100,22050,22050.0,1.0,47,3,
2013 - The Soulboy Collection/Disc 1/1-14-公園.flac,44100,22050,22050.0,1.0,59,3,
2013 - The Soulboy Collection/Disc 1/1-15-愛在.flac,44100,22050,22050.0,1.0,51,3,
2013 - The Soulboy Collection/Disc 1/1-16-Singalongsong.flac,44100,22050,22050.0,1.0,47,3,
2013 - The Soulboy Collection/Disc 1/1-17-小小蟲.flac,44100,22050,22050.0,1.0,50,3,
2013 - The Soulboy Collection/Disc 1/1-18-每個人都會.flac,44100,22050,22050.0,1.0,47,3,
2013 - The Soulboy Collection/Disc 2/2-01-三人遊.flac,44100,22050,22050.0,1.0,48,3,
2013 - The Soulboy Collection/Disc 2/2-02-1234567.flac,44100,22050,22050.0,1.0,51,3,
2013 - The Soulboy Collection/Disc 2/2-03-Nothing’s Gonna Change My Love for You.flac,44100,22050,22050.0,1.0,51,3,
2013 - The Soulboy Collection/Disc 2/2-04-月亮代表我的心.flac,44100,22050,22050.0,1.0,45,3,
2013 - The Soulboy Collection/Disc 2/2-05-紅豆.flac,44100,22050,22050.0,1.0,50,3,
2013 - The Soulboy Collection/Disc 2/2-06-Wonderful Tonight.flac,44100,22050,22050.0,1.0,49,3,
2013 - The Soulboy Collection/Disc 2/2-07-You Are the Sunshine of My Life.flac,44100,22050,22050.0,1.0,51,3,
2013 - The Soulboy Collection/Disc 2/2-08-張永成.flac,44100,22050,22050.0,1.0,53,3,
2013 - The Soulboy Collection/Disc 2/2-09-自以為.flac,44100,22050,22050.0,1.0,51,3,
2013 - The Soulboy Collection/Disc 2/2-10-好不容易.flac,44100,22050,22050.0,1.0,52,3,
2013 - The Soulboy Collection/Disc 2/2-11-因為你.flac,44100,22050,22050.0,1.0,52,3,
2013 - The Soulboy Collection/Disc 2/2-12-情勝策略.flac,44100,22050,22050.0,1.0,48,3,
2013 - The Soulboy Collection/Disc 2/2-13-千紙鶴.flac,44100,21076,22050.0,0.956,52,3,
2013 - The Soulboy Collection/Disc 2/2-14-Romeo.flac,44100,20882,22050.0,0.947,52,3,
2013 - The Soulboy Collection/Disc 2/2-15-愛立刻.flac,44100,22050,22050.0,1.0,52,3,
2013 - The Soulboy Collection/Disc 2/2-16-BB88.flac,44100,21129,22050.0,0.958,54,3,
2013 - The Soulboy Collection/Disc 2/2-17-關於愛的定義.flac,44100,22050,22050.0,1.0,49,3,
2013 - The Soulboy Collection/Disc 2/2-18-玩樂.flac,44100,22050,22050.0,1.0,52,3,
2016-JTW 西游记（BLACK）[flac]/方大同-Love You So Much.flac,44100,22050,22050.0,1.0,52,3,
2016-JTW 西游记（BLACK）[flac]/方大同-NMW.flac,44100,22050,22050.0,1.0,51,3,
2016-JTW 西游记（BLACK）[flac]/方大同-Ring Finger.flac,44100,22050,22050.0,1.0,50,3,
2016-JTW 西游记（BLACK）[flac]/方大同-听.flac,44100,22050,22050.0,1.0,50,3,
2016-JTW 西游记（BLACK）[flac]/方大同-悟空.flac,44100,22050,22050.0,1.0,50,3,
2016-JTW 西游记（BLACK）[flac]/方大同-梦蝴蝶.flac,44100,22050,22050.0,1.0,51,3,
2016-JTW 西游记（BLACK）[flac]/方大同-笑开.flac,44100,20957,22050.0,0.95,54,3,
2016-JTW 西游记（BLACK）[flac]/方大同_Zion.T_Crush-味道.flac,44100,22050,22050.0,1.0,51,3,
2016-JTW 西游记（BLACK）[flac]/方大同_杭盖-醉.flac,44100,22050,22050.0,1.0,50,3,
2016-JTW 西游记（BLACK）[flac]/方大同_王力宏-FLOW.flac,44100,22050,22050.0,1.0,49,3,
2016-JTW 西游记（GOLD）[flac]/方大同 - As I Do.flac,44100,22050,22050.0,1.0,50,3,
2016-JTW 西游记（GOLD）[flac]/方大同 - Once.flac,44100,20591,22050.0,0.934,47,3,
2016-JTW 西游记（GOLD）[flac]/方大同 - Right Girl.flac,44100,22050,22050.0,1.0,50,3,
2016-JTW 西游记（GOLD）[flac]/方大同 - 很不低调.flac,44100,22050,22050.0,1.0,57,3,
2016-JTW 西游记（GOLD）[flac]/方大同 - 放不过自己.flac,44100,20925,22050.0,0.949,51,3,
2016-JTW 西游记（GOLD）[flac]/方大同 - 烦.flac,44100,22050,22050.0,1.0,54,3,
2016-JTW 西游记（GOLD）[flac]/方大同 - 黑夜.flac,44100,22050,22050.0,1.0,56,3,
"2016-JTW 西游记（GOLD）[flac]/方大同,FiFi Rong - Run From Your Love.flac",44100,20925,22050.0,0.949,51,3,
"2016-JTW 西游记（GOLD）[flac]/方大同,张靓颖 - 无所谓.flac",44100,22050,22050.0,1.0,54,3,
"2016-JTW 西游记（GOLD）[flac]/方大同,王诗安 - All Night.flac",44100,22050,22050.0,1.0,52,3,
Timeless 可啦思刻/01.You Are the Sunshine of My Life.flac,44100,22050,22050.0,1.0,51,3,
Timeless 可啦思刻/02.Nothing's Gonna Change My Love For You.flac,44100,22050,22050.0,1.0,51,3,
Timeless 可啦思刻/03.Bad.flac,44100,22050,22050.0,1.0,53,3,
Timeless 可啦思刻/04.狂潮.flac,44100,22050,22050.0,1.0,49,3,
Timeless 可啦思刻/05.La Bamba.flac,44100,22050,22050.0,1.0,45,3,
Timeless 可啦思刻/06.红豆.flac,44100,22050,22050.0,1.0,50,3,
Timeless 可啦思刻/07.Georgia On My Mind.flac,44100,22050,22050.0,1.0,50,3,
Timeless 可啦思刻/08.记得.flac,44100,22050,22050.0,1.0,48,3,
Timeless 可啦思刻/09.Wonderful Tonight.flac,44100,22050,22050.0,1.0,49,3,
Timeless 可啦思刻/10.Moon River.flac,44100,22050,22050.0,1.0,46,3,
Timeless 可啦思刻/11.月亮代表我的心.flac,44100,22050,22050.0,1.0,44,3,
Timeless演唱会 2CD/CD1/01.Introlude (Timeless Live 2009).flac,44100,22050,22050.0,1.0,50,3,
Timeless演唱会 2CD/CD1/04.如果爱 (Live).flac,44100,22050,22050.0,1.0,50,3,
Timeless演唱会 2CD/CD1/05.记得 (Live).flac,44100,22050,22050.0,1.0,46,3,
Timeless演唱会 2CD/CD1/06.Nothing’s Gonna Change My Love For You (Live).flac,44100,22050,22050.0,1.0,48,3,
Timeless演唱会 2CD/CD1/07.春风吹 (Live).flac,44100,22050,22050.0,1.0,42,3,
Timeless演唱会 2CD/CD1/08.Billie Jean (Timeless Live 2009).flac,44100,22050,22050.0,1.0,45,3,
Timeless演唱会 2CD/CD1/09.Who Is It (Timeless Live 2009).flac,44100,22050,22050.0,1.0,44,3,
Timeless演唱会 2CD/CD1/10.歌手与模特儿 (Live).flac,44100,22050,22050.0,1.0,46,3,
Timeless演唱会 2CD/CD1/11.每个人都会 (Live).flac,44100,22050,22050.0,1.0,49,3,
Timeless演唱会 2CD/CD1/13.Love Song (Live).flac,44100,22050,22050.0,1.0,47,3,
Timeless演唱会 2CD/CD1/14.红豆 (Timeless Live 2009).flac,44100,22050,22050.0,1.0,46,3,
Timeless演唱会 2CD/CD1/16.Moon River (Live).flac,44100,22050,22050.0,1.0,40,3,
Timeless演唱会 2CD/CD1/17.Wonderful Tonight (Live).flac,44100,22050,22050.0,1.0,46,3,
Timeless演唱会 2CD/CD2/01.三人游 (Live).flac,44100,22050,22050.0,1.0,40,3,
Timeless演唱会 2CD/CD2/02.爱我吧 (Live).flac,44100,22050,22050.0,1.0,48,3,
Timeless演唱会 2CD/CD2/04.Let's Stay Together (Timeless Live 2009).flac,44100,22050,22050.0,1.0,49,3,
Timeless演唱会 2CD/CD2/05.公园 (Live).flac,44100,22050,22050.0,1.0,52,3,
Timeless演唱会 2CD/CD2/08.未来 (Timeless Live 2009).flac,44100,22050,22050.0,1.0,49,3,
Timeless演唱会 2CD/CD2/09.Free Jam (Timeless Live 2009).flac,44100,22050,22050.0,1.0,49,3,
Timeless演唱会 2CD/CD2/11.You Are the Sunshine of My Life (Live).flac,44100,22050,22050.0,1.0,48,3,
Timeless演唱会 2CD/CD2/13.爱爱爱 (Live).flac,44100,22050,22050.0,1.0,47,3,
Timeless演唱会 2CD/CD2/14.Outrolude (Timeless Live 2009).flac,44100,22050,22050.0,1.0,50,3,
危险世界/01.Welcome.flac,44100,22050,22050.0,1.0,43,3,
危险世界/02.危险世界.flac,44100,22050,22050.0,1.0,54,3,
危险世界/03.Peace (Feat. Tia Ray).flac,44100,22050,22050.0,1.0,62,3,
危险世界/04.小方.flac,44100,22050,22050.0,1.0,56,3,
危险世界/05.Soundcheck.flac,44100,22050,22050.0,1.0,33,3,
危险世界/06.黑白灰.flac,44100,22050,22050.0,1.0,53,3,
危险世界/07.桃花运.flac,44100,22050,22050.0,1.0,53,3,
危险世界/08.特别的人.flac,44100,22050,22050.0,1.0,49,3,
危险世界/09.Weather Report.flac,44100,22050,22050.0,1.0,36,3,
危险世界/10.天气先生.flac,44100,22050,22050.0,1.0,53,3,
危险世界/11.枫叶做的风铃.flac,44100,22050,22050.0,1.0,55,3,
危险世界/12.Boarding.flac,44100,22050,22050.0,1.0,33,3,
危险世界/13.巴黎.flac,44100,22050,22050.0,1.0,56,3,
危险世界/14.爱不来 (feat. 葛仲珊).flac,44100,22050,22050.0,1.0,50,3,
危险世界/15.僵尸.flac,44100,22050,22050.0,1.0,51,3,
危险世界/16.Lights Up.flac,44100,0,22050.0,0.0,,0,
回到未来/01.Can You Feel The Music.flac,44100,20866,22050.0,0.946,51,3,
回到未来/02.I Want You Back.flac,44100,20882,22050.0,0.947,53,3,
回到未来/03.你就是.flac,44100,20591,22050.0,0.934,51,3,
回到未来/04.千纸鹤.flac,44100,21076,22050.0,0.956,52,3,
回到未来/05.关于爱的定义.flac,44100,22050,22050.0,1.0,49,3,
回到未来/06.麦恩莉.flac,44100,20763,22050.0,0.942,50,3,
回到未来/07.孤独孩儿.flac,44100,20785,22050.0,0.943,53,3,
回到未来/08.Romeo.flac,44100,20882,22050.0,0.947,52,3,
回到未来/09.妈妈说.flac,44100,20871,22050.0,0.947,51,3,
回到未来/10.爱立刻.flac,44100,22050,22050.0,1.0,53,3,
回到未来/11.BB88.flac,44100,21129,22050.0,0.958,54,3,
未来/01.Love Song.flac,44100,22050,22050.0,1.0,50,3,
未来/02.够不够.flac,44100,22050,22050.0,1.0,50,3,
未来/03.暖.flac,44100,22050,22050.0,1.0,48,3,
未来/04.爱在.flac,44100,22050,22050.0,1.0,51,3,
未来/05.公园.flac,44100,22050,22050.0,1.0,59,3,
未来/06.简单最浪漫.flac,44100,22050,22050.0,1.0,53,3,
未来/07.十九八七….flac,44100,22050,22050.0,1.0,52,3,
未来/08.未来.flac,44100,22050,22050.0,1.0,55,3,
未来/09.忘了美丽.flac,44100,22050,22050.0,1.0,54,3,
未来/10.Sorry.flac,44100,22050,22050.0,1.0,47,3,
未来/11.爱爱爱 (Acounstic Version).flac,44100,22050,22050.0,1.0,52,3,
梦想家 The Dreamer/01.XZMHXDXH.flac,48000,24000,24000.0,1.0,54,3,
梦想家 The Dreamer/02.江湖中人.flac,48000,24000,24000.0,1.0,55,3,
梦想家 The Dreamer/03.GF.flac,48000,24000,24000.0,1.0,47,3,
梦想家 The Dreamer/04.Tango.flac,48000,24000,24000.0,1.0,48,3,
梦想家 The Dreamer/05.才二十三.flac,48000,24000,24000.0,1.0,52,3,
梦想家 The Dreamer/06.谁知爱是什么.flac,48000,24000,24000.0,1.0,51,3,
梦想家 The Dreamer/07.我不是农人.flac,48000,20900,24000.0,0.871,50,3,
梦想家 The Dreamer/08.那沙漠里的水.flac,48000,24000,24000.0,1.0,56,3,
梦想家 The Dreamer/09.回留.flac,48000,19459,24000.0,0.811,50,3,
梦想家 The Dreamer/10.没啥好说.flac,48000,21305,24000.0,0.888,54,3,
爱爱爱/01.爱爱爱.flac,44100,22050,22050.0,1.0,52,3,
爱爱爱/02.苏丽珍.flac,44100,22050,22050.0,1.0,53,3,
爱爱爱/03.歌手与模特儿.flac,44100,22050,22050.0,1.0,52,3,
爱爱爱/04.唉!.flac,44100,22050,22050.0,1.0,51,3,
爱爱爱/05.四人游.flac,44100,22050,22050.0,1.0,51,3,
爱爱爱/06.手拖手.flac,44100,22050,22050.0,1.0,55,3,
爱爱爱/07.偷笑.flac,44100,22050,22050.0,1.0,49,3,
爱爱爱/08.Goodbye Melody Rose.flac,44100,22050,22050.0,1.0,54,3,
爱爱爱/09.诗人的情人.flac,44100,22050,22050.0,1.0,55,3,
爱爱爱/10.拖男带女.flac,44100,22050,22050.0,1.0,52,3,
爱爱爱/11.Love Outrolude (Instrumental).flac,44100,22050,22050.0,1.0,52,3,
爱爱爱/12.If You Leave Me Now.flac,44100,22050,22050.0,1.0,50,3,
爱爱爱/13.春风吹之吹吹风mix.flac,44100,22050,22050.0,1.0,49,3,
