relpath,album,filename,tracknumber,title,artist,album,albumartist,date,discnumber,totaltracks,composer,lyricist,genre,description,encoder,replaygain_track_gain,replaygain_track_peak,all_tag_keys
2005 - Soulboy/01 Prologue.flac,Soulboy,01 Prologue.flac,1,Prologue,方大同,Soulboy,方大同,2005-11-18,1,14,,,,,,-0.7 dB,1,acoustid_id;albumartistsort;artists;artistsort;bpm;catalognumber;copyright;disctotal;isrc;itunesadvisory;label;lyrics;media;musicbrainz_albumartistid;musicbrainz_albumid;musicbrainz_artistid;musicbrainz_releasegroupid;musicbrainz_releasetrackid;musicbrainz_trackid;originaldate;originalyear;releasecountry;releasestatus;releasetype;replaygain_album_gain;replaygain_album_peak;script;totaldiscs;tracktotal
2005 - Soulboy/02 妹妹.flac,Soulboy,02 妹妹.flac,2,妹妹,方大同,Soulboy,方大同,2005-11-18,1,14,,,,,,-5.07 dB,1,acoustid_id;albumartistsort;artists;artistsort;bpm;catalognumber;copyright;disctotal;isrc;itunesadvisory;label;lyrics;media;musicbrainz_albumartistid;musicbrainz_albumid;musicbrainz_artistid;musicbrainz_releasegroupid;musicbrainz_releasetrackid;musicbrainz_trackid;originaldate;originalyear;releasecountry;releasestatus;releasetype;replaygain_album_gain;replaygain_album_peak;script;totaldiscs;tracktotal
2005 - Soulboy/03 春風吹.flac,Soulboy,03 春風吹.flac,3,春風吹,方大同,Soulboy,方大同,2005-11-18,1,14,,,,,,-2.95 dB,1,acoustid_id;albumartistsort;artists;artistsort;bpm;catalognumber;copyright;disctotal;isrc;itunesadvisory;label;lyrics;media;musicbrainz_albumartistid;musicbrainz_albumid;musicbrainz_artistid;musicbrainz_releasegroupid;musicbrainz_releasetrackid;musicbrainz_trackid;originaldate;originalyear;releasecountry;releasestatus;releasetype;replaygain_album_gain;replaygain_album_peak;script;totaldiscs;tracktotal
2005 - Soulboy/04 每天每天.flac,Soulboy,04 每天每天.flac,4,每天每天,方大同,Soulboy,方大同,2005-11-18,1,14,,,,,,-4.5 dB,1,acoustid_id;albumartistsort;artists;artistsort;bpm;catalognumber;copyright;disctotal;isrc;itunesadvisory;label;lyrics;media;musicbrainz_albumartistid;musicbrainz_albumid;musicbrainz_artistid;musicbrainz_releasegroupid;musicbrainz_releasetrackid;musicbrainz_trackid;originaldate;originalyear;releasecountry;releasestatus;releasetype;replaygain_album_gain;replaygain_album_peak;script;totaldiscs;tracktotal
2005 - Soulboy/05 女人.flac,Soulboy,05 女人.flac,5,女人,方大同,Soulboy,方大同,2005-11-18,1,14,,,,,,-3.26 dB,1,acoustid_id;albumartistsort;artists;artistsort;bpm;catalognumber;copyright;disctotal;isrc;itunesadvisory;label;lyrics;media;musicbrainz_albumartistid;musicbrainz_albumid;musicbrainz_artistid;musicbrainz_releasegroupid;musicbrainz_releasetrackid;musicbrainz_trackid;originaldate;originalyear;releasecountry;releasestatus;releasetype;replaygain_album_gain;replaygain_album_peak;script;totaldiscs;tracktotal
2005 - Soulboy/06 叫我怎麼說.flac,Soulboy,06 叫我怎麼說.flac,6,叫我怎麼說,方大同,Soulboy,方大同,2005-11-18,1,14,,,,,,-2.37 dB,1,acoustid_id;albumartistsort;artists;artistsort;catalognumber;copyright;disctotal;isrc;itunesadvisory;label;lyrics;media;musicbrainz_albumartistid;musicbrainz_albumid;musicbrainz_artistid;musicbrainz_releasegroupid;musicbrainz_releasetrackid;musicbrainz_trackid;originaldate;originalyear;releasecountry;releasestatus;releasetype;replaygain_album_gain;replaygain_album_peak;script;totaldiscs;tracktotal
2005 - Soulboy/07 哪怕.flac,Soulboy,07 哪怕.flac,7,哪怕,方大同,Soulboy,方大同,2005-11-18,1,14,,,,,,-2.28 dB,0.999969,acoustid_id;albumartistsort;artists;artistsort;bpm;catalognumber;copyright;disctotal;isrc;itunesadvisory;label;lyrics;media;musicbrainz_albumartistid;musicbrainz_albumid;musicbrainz_artistid;musicbrainz_releasegroupid;musicbrainz_releasetrackid;musicbrainz_trackid;originaldate;originalyear;releasecountry;releasestatus;releasetype;replaygain_album_gain;replaygain_album_peak;script;totaldiscs;tracktotal
2005 - Soulboy/08 南音.flac,Soulboy,08 南音.flac,8,南音,方大同,Soulboy,方大同,2005-11-18,1,14,,,,,,-2.78 dB,1,acoustid_id;albumartistsort;artists;artistsort;bpm;catalognumber;copyright;disctotal;isrc;itunesadvisory;label;lyrics;media;musicbrainz_albumartistid;musicbrainz_albumid;musicbrainz_artistid;musicbrainz_releasegroupid;musicbrainz_releasetrackid;musicbrainz_trackid;originaldate;originalyear;releasecountry;releasestatus;releasetype;replaygain_album_gain;replaygain_album_peak;script;totaldiscs;tracktotal
2005 - Soulboy/09 我們能不能.flac,Soulboy,09 我們能不能.flac,9,我們能不能,方大同,Soulboy,方大同,2005-11-18,1,14,,,,,,-5.08 dB,1,acoustid_id;albumartistsort;artists;artistsort;bpm;catalognumber;copyright;disctotal;isrc;itunesadvisory;label;lyrics;media;musicbrainz_albumartistid;musicbrainz_albumid;musicbrainz_artistid;musicbrainz_releasegroupid;musicbrainz_releasetrackid;musicbrainz_trackid;originaldate;originalyear;releasecountry;releasestatus;releasetype;replaygain_album_gain;replaygain_album_peak;script;totaldiscs;tracktotal
2005 - Soulboy/10 跳.flac,Soulboy,10 跳.flac,10,跳,方大同,Soulboy,方大同,2005-11-18,1,14,,,,,,-7.72 dB,1,acoustid_id;albumartistsort;artists;artistsort;bpm;catalognumber;copyright;disctotal;isrc;itunesadvisory;label;lyrics;media;musicbrainz_albumartistid;musicbrainz_albumid;musicbrainz_artistid;musicbrainz_releasegroupid;musicbrainz_releasetrackid;musicbrainz_trackid;originaldate;originalyear;releasecountry;releasestatus;releasetype;replaygain_album_gain;replaygain_album_peak;script;totaldiscs;tracktotal
2005 - Soulboy/11 總結.flac,Soulboy,11 總結.flac,11,總結,方大同,Soulboy,方大同,2005-11-18,1,14,,,,,,-4.64 dB,1,acoustid_id;albumartistsort;artists;artistsort;bpm;catalognumber;copyright;disctotal;isrc;itunesadvisory;label;lyrics;media;musicbrainz_albumartistid;musicbrainz_albumid;musicbrainz_artistid;musicbrainz_releasegroupid;musicbrainz_releasetrackid;musicbrainz_trackid;originaldate;originalyear;releasecountry;releasestatus;releasetype;replaygain_album_gain;replaygain_album_peak;script;totaldiscs;tracktotal
2005 - Soulboy/12 趕場.flac,Soulboy,12 趕場.flac,12,趕場,方大同,Soulboy,方大同,2005-11-18,1,14,,,,,,-3.25 dB,1,acoustid_id;albumartistsort;artists;artistsort;bpm;catalognumber;copyright;disctotal;isrc;itunesadvisory;label;lyrics;media;musicbrainz_albumartistid;musicbrainz_albumid;musicbrainz_artistid;musicbrainz_releasegroupid;musicbrainz_releasetrackid;musicbrainz_trackid;originaldate;originalyear;releasecountry;releasestatus;releasetype;replaygain_album_gain;replaygain_album_peak;script;totaldiscs;tracktotal
2005 - Soulboy/13 等著你回來.flac,Soulboy,13 等著你回來.flac,13,等著你回來,方大同,Soulboy,方大同,2005-11-18,1,14,,,,,,-6.14 dB,1,acoustid_id;albumartistsort;artists;artistsort;bpm;catalognumber;copyright;disctotal;isrc;itunesadvisory;label;media;musicbrainz_albumartistid;musicbrainz_albumid;musicbrainz_artistid;musicbrainz_releasegroupid;musicbrainz_releasetrackid;musicbrainz_trackid;originaldate;originalyear;releasecountry;releasestatus;releasetype;replaygain_album_gain;replaygain_album_peak;script;totaldiscs;tracktotal
2005 - Soulboy/14 认识你 (Hidden Track).flac,Soulboy,14 认识你 (Hidden Track).flac,14,认识你 (Hidden Track),方大同,Soulboy,方大同,2005-11-18,1,14,,,,,,-3.42 dB,1,acoustid_id;albumartistsort;artists;artistsort;bpm;catalognumber;copyright;disctotal;isrc;itunesadvisory;label;lyrics;media;musicbrainz_albumartistid;musicbrainz_albumid;musicbrainz_artistid;musicbrainz_releasegroupid;musicbrainz_releasetrackid;musicbrainz_trackid;originaldate;originalyear;releasecountry;releasestatus;releasetype;replaygain_album_gain;replaygain_album_peak;script;totaldiscs;tracktotal
2008 - 橙月 Orange Moon[flac]/01.Singalongsong.flac,橙月 Orange Moon,01.Singalongsong.flac,1,Singalongsong,方大同,橙月 Orange Moon,,,,,,,,,Lavf56.4.101,,,
2008 - 橙月 Orange Moon[flac]/02.小小虫.flac,橙月 Orange Moon,02.小小虫.flac,2,小小虫,方大同,橙月 Orange Moon,,,,,,,,,,,,
2008 - 橙月 Orange Moon[flac]/03.1234567.flac,橙月 Orange Moon,03.1234567.flac,3,1234567,方大同,橙月 Orange Moon,,,,,,,,,Lavf56.4.101,,,
2008 - 橙月 Orange Moon[flac]/04.黑白.flac,橙月 Orange Moon,04.黑白.flac,4,黑白,方大同,橙月 Orange Moon,,,,,,,,,Lavf56.4.101,,,
2008 - 橙月 Orange Moon[flac]/05.如果爱.flac,橙月 Orange Moon,05.如果爱.flac,5,如果爱,方大同,橙月 Orange Moon,,,,,,,,,,,,
2008 - 橙月 Orange Moon[flac]/06.黑洞里.flac,橙月 Orange Moon,06.黑洞里.flac,6,黑洞里,方大同,橙月 Orange Moon,,,,,,,,,Lavf56.4.101,,,
2008 - 橙月 Orange Moon[flac]/07.三人游.flac,橙月 Orange Moon,07.三人游.flac,7,三人游,方大同,橙月 Orange Moon,,,,,,,,,Lavf57.46.101,,,
2008 - 橙月 Orange Moon[flac]/08.每个人都会.flac,橙月 Orange Moon,08.每个人都会.flac,8,每个人都会,方大同,橙月 Orange Moon,,,,,,,,,Lavf56.4.101,,,
2008 - 橙月 Orange Moon[flac]/09.100种表情.flac,橙月 Orange Moon,09.100种表情.flac,9,100种表情,方大同,橙月 Orange Moon,,,,,,,,,Lavf56.4.101,,,
2008 - 橙月 Orange Moon[flac]/10.爱我吧.flac,橙月 Orange Moon,10.爱我吧.flac,10,爱我吧,方大同,橙月 Orange Moon,,,,,,,,,Lavf56.4.101,,,
2008 - 橙月 Orange Moon[flac]/11.为你写的歌.flac,橙月 Orange Moon,11.为你写的歌.flac,11,为你写的歌,方大同,橙月 Orange Moon,,,,,,,,,Lavf56.4.101,,,
2008 - 橙月 Orange Moon[flac]/12.Orange Moon.flac,橙月 Orange Moon,12.Orange Moon.flac,12,Orange Moon,方大同,橙月 Orange Moon,,,,,,,,,,,,
2011 - 15/01.Gotta Make A Change.flac,15,01.Gotta Make A Change.flac,1,Gotta Make A Change,方大同,15,,,,,,,,酷我音乐,,,,
2011 - 15/02.昙花.flac,15,02.昙花.flac,2,昙花,方大同,15,,,,,,,,酷我音乐,Lavf58.20.100,,,
2011 - 15/03.张永成 (feat. Ghost Style).flac,15,03.张永成 (feat. Ghost Style).flac,3,张永成 (feat. Ghost Style),方大同,15,,,,,,,,酷我音乐,Lavf57.71.100,,,
2011 - 15/04.因为你.flac,15,04.因为你.flac,4,因为你,方大同,15,,,,,,,,酷我音乐,Lavf58.20.100,,,
2011 - 15/05.情胜策略.flac,15,05.情胜策略.flac,5,情胜策略,方大同,15,,,,,,,,酷我音乐,Lavf58.20.100,,,
2011 - 15/06.无菇朋友.flac,15,06.无菇朋友.flac,6,无菇朋友,方大同,15,,,,,,,,酷我音乐,Lavf58.20.100,,,
2011 - 15/07.自以为 (feat.徐佳莹).flac,15,07.自以为 (feat.徐佳莹).flac,7,自以为 (feat. 徐佳莹),方大同&徐佳莹,15,,,,,,,,酷我音乐,Lavf57.71.100,,,
2011 - 15/08.二人游.flac,15,08.二人游.flac,8,二人游,方大同,15,,,,,,,,酷我音乐,Lavf58.20.100,,,
2011 - 15/09.Over.flac,15,09.Over.flac,9,Over,方大同,15,,,,,,,,酷我音乐,Lavf58.20.100,,,
2011 - 15/10.Take Me.flac,15,10.Take Me.flac,10,Take Me,方大同,15,方大同,2011-07-13,1,12,,,Mandopop,,,,,disctotal;media;musicbrainz_albumartistid;musicbrainz_albumid;musicbrainz_albumstatus;musicbrainz_albumtype;musicbrainz_artistid;musicbrainz_releasegroupid;musicbrainz_releasetrackid;musicbrainz_trackid;originaldate;originalyear;releasecountry;releasestatus;releasetype;totaldiscs;tracktotal
2011 - 15/11.好不容易.flac,15,11.好不容易.flac,11,好不容易,方大同,15,,,,,,,,酷我音乐,Lavf58.20.100,,,
2011 - 15/12.Over Reprise.flac,15,12.Over Reprise.flac,12,Over (Reprise),方大同,15,方大同,2011-07-13,1,12,,,,,,,,albumartistsort;artists;artistsort;asin;disctotal;musicbrainz_albumartistid;musicbrainz_albumid;musicbrainz_artistid;musicbrainz_releasegroupid;musicbrainz_releasetrackid;musicbrainz_trackid;originaldate;originalyear;releasecountry;releasestatus;releasetype;script;totaldiscs;tracktotal
2013 - The Soulboy Collection/Disc 1/1-01-妹妹.flac,The Soulboy Collection,1-01-妹妹.flac,1,妹妹,方大同,The Soulboy Collection,方大同,2013-11-26,1,18,,,,,,-5.07 dB,1,albumartistsort;artists;artistsort;asin;barcode;bpm;catalognumber;copyright;disctotal;isrc;itunesadvisory;label;lyrics;media;musicbrainz_albumartistid;musicbrainz_albumid;musicbrainz_artistid;musicbrainz_releasegroupid;musicbrainz_releasetrackid;musicbrainz_trackid;originaldate;originalyear;releasecountry;releasestatus;releasetype;replaygain_album_gain;replaygain_album_peak;script;totaldiscs;tracktotal
2013 - The Soulboy Collection/Disc 1/1-02-春風吹.flac,The Soulboy Collection,1-02-春風吹.flac,2,春風吹,方大同,The Soulboy Collection,方大同,2013-11-26,1,18,,,,,,-2.95 dB,1,albumartistsort;artists;artistsort;asin;barcode;bpm;catalognumber;copyright;disctotal;isrc;itunesadvisory;label;lyrics;media;musicbrainz_albumartistid;musicbrainz_albumid;musicbrainz_artistid;musicbrainz_releasegroupid;musicbrainz_releasetrackid;musicbrainz_trackid;originaldate;originalyear;releasecountry;releasestatus;releasetype;replaygain_album_gain;replaygain_album_peak;script;totaldiscs;tracktotal
2013 - The Soulboy Collection/Disc 1/1-03-南音.flac,The Soulboy Collection,1-03-南音.flac,3,南音,方大同,The Soulboy Collection,方大同,2013-11-26,1,18,,,,,,-2.78 dB,1,albumartistsort;artists;artistsort;asin;barcode;bpm;catalognumber;copyright;disctotal;isrc;itunesadvisory;label;lyrics;media;musicbrainz_albumartistid;musicbrainz_albumid;musicbrainz_artistid;musicbrainz_releasegroupid;musicbrainz_releasetrackid;musicbrainz_trackid;originaldate;originalyear;releasecountry;releasestatus;releasetype;replaygain_album_gain;replaygain_album_peak;script;totaldiscs;tracktotal
2013 - The Soulboy Collection/Disc 1/1-04-我們能不能.flac,The Soulboy Collection,1-04-我們能不能.flac,4,我們能不能,方大同,The Soulboy Collection,方大同,2013-11-26,1,18,,,,,,-5.08 dB,1,albumartistsort;artists;artistsort;asin;barcode;bpm;catalognumber;copyright;disctotal;isrc;itunesadvisory;label;lyrics;media;musicbrainz_albumartistid;musicbrainz_albumid;musicbrainz_artistid;musicbrainz_releasegroupid;musicbrainz_releasetrackid;musicbrainz_trackid;originaldate;originalyear;releasecountry;releasestatus;releasetype;replaygain_album_gain;replaygain_album_peak;script;totaldiscs;tracktotal
2013 - The Soulboy Collection/Disc 1/1-05-每天每天.flac,The Soulboy Collection,1-05-每天每天.flac,5,每天每天,方大同,The Soulboy Collection,方大同,2013-11-26,1,18,,,,,,-4.5 dB,1,albumartistsort;artists;artistsort;asin;barcode;bpm;catalognumber;copyright;disctotal;isrc;itunesadvisory;label;lyrics;media;musicbrainz_albumartistid;musicbrainz_albumid;musicbrainz_artistid;musicbrainz_releasegroupid;musicbrainz_releasetrackid;musicbrainz_trackid;originaldate;originalyear;releasecountry;releasestatus;releasetype;replaygain_album_gain;replaygain_album_peak;script;totaldiscs;tracktotal
2013 - The Soulboy Collection/Disc 1/1-06-愛愛愛.flac,The Soulboy Collection,1-06-愛愛愛.flac,6,愛愛愛,方大同,The Soulboy Collection,方大同,2013-11-26,1,18,,,,,,-8.59 dB,0.988556,albumartistsort;artists;artistsort;asin;barcode;bpm;catalognumber;copyright;disctotal;isrc;itunesadvisory;label;media;musicbrainz_albumartistid;musicbrainz_albumid;musicbrainz_artistid;musicbrainz_releasegroupid;musicbrainz_releasetrackid;musicbrainz_trackid;originaldate;originalyear;releasecountry;releasestatus;releasetype;replaygain_album_gain;replaygain_album_peak;script;totaldiscs;tracktotal
2013 - The Soulboy Collection/Disc 1/1-07-蘇麗珍.flac,The Soulboy Collection,1-07-蘇麗珍.flac,7,蘇麗珍,方大同,The Soulboy Collection,方大同,2013-11-26,1,18,,,,,,-8.39 dB,0.988708,albumartistsort;artists;artistsort;asin;barcode;bpm;catalognumber;copyright;disctotal;isrc;itunesadvisory;label;lyrics;media;musicbrainz_albumartistid;musicbrainz_albumid;musicbrainz_artistid;musicbrainz_releasegroupid;musicbrainz_releasetrackid;musicbrainz_trackid;originaldate;originalyear;releasecountry;releasestatus;releasetype;replaygain_album_gain;replaygain_album_peak;script;totaldiscs;tracktotal
2013 - The Soulboy Collection/Disc 1/1-08-四人遊.flac,The Soulboy Collection,1-08-四人遊.flac,8,四人遊,方大同 & 薛凱琪,The Soulboy Collection,方大同,2013-11-26,1,18,,,,,,-8.06 dB,0.988556,albumartistsort;artists;artistsort;asin;barcode;bpm;catalognumber;copyright;disctotal;isrc;itunesadvisory;label;media;musicbrainz_albumartistid;musicbrainz_albumid;musicbrainz_artistid;musicbrainz_releasegroupid;musicbrainz_releasetrackid;musicbrainz_trackid;originaldate;originalyear;releasecountry;releasestatus;releasetype;replaygain_album_gain;replaygain_album_peak;script;totaldiscs;tracktotal
2013 - The Soulboy Collection/Disc 1/1-09-詩人的情人.flac,The Soulboy Collection,1-09-詩人的情人.flac,9,詩人的情人,方大同,The Soulboy Collection,方大同,2013-11-26,1,18,,,,,,-8.36 dB,0.988556,albumartistsort;artists;artistsort;asin;barcode;bpm;catalognumber;copyright;disctotal;isrc;itunesadvisory;label;lyrics;media;musicbrainz_albumartistid;musicbrainz_albumid;musicbrainz_artistid;musicbrainz_releasegroupid;musicbrainz_releasetrackid;musicbrainz_trackid;originaldate;originalyear;releasecountry;releasestatus;releasetype;replaygain_album_gain;replaygain_album_peak;script;totaldiscs;tracktotal
2013 - The Soulboy Collection/Disc 1/1-10-歌手與模特兒.flac,The Soulboy Collection,1-10-歌手與模特兒.flac,10,歌手與模特兒,方大同,The Soulboy Collection,方大同,2013-11-26,1,18,,,,,,-9.83 dB,0.988556,albumartistsort;artists;artistsort;asin;barcode;bpm;catalognumber;copyright;disctotal;isrc;itunesadvisory;label;lyrics;media;musicbrainz_albumartistid;musicbrainz_albumid;musicbrainz_artistid;musicbrainz_releasegroupid;musicbrainz_releasetrackid;musicbrainz_trackid;originaldate;originalyear;releasecountry;releasestatus;releasetype;replaygain_album_gain;replaygain_album_peak;script;totaldiscs;tracktotal
2013 - The Soulboy Collection/Disc 1/1-11-Love Song.flac,The Soulboy Collection,1-11-Love Song.flac,11,Love Song,方大同,The Soulboy Collection,方大同,2013-11-26,1,18,,,,,,-8.11 dB,0.980011,albumartistsort;artists;artistsort;asin;barcode;bpm;catalognumber;copyright;disctotal;isrc;itunesadvisory;label;lyrics;media;musicbrainz_albumartistid;musicbrainz_albumid;musicbrainz_artistid;musicbrainz_releasegroupid;musicbrainz_releasetrackid;musicbrainz_trackid;originaldate;originalyear;releasecountry;releasestatus;releasetype;replaygain_album_gain;replaygain_album_peak;script;totaldiscs;tracktotal
2013 - The Soulboy Collection/Disc 1/1-12-夠不夠.flac,The Soulboy Collection,1-12-夠不夠.flac,12,夠不夠,方大同,The Soulboy Collection,方大同,2013-11-26,1,18,,,,,,-8.93 dB,0.980011,albumartistsort;artists;artistsort;asin;barcode;bpm;catalognumber;copyright;disctotal;isrc;itunesadvisory;label;lyrics;media;musicbrainz_albumartistid;musicbrainz_albumid;musicbrainz_artistid;musicbrainz_releasegroupid;musicbrainz_releasetrackid;musicbrainz_trackid;originaldate;originalyear;releasecountry;releasestatus;releasetype;replaygain_album_gain;replaygain_album_peak;script;totaldiscs;tracktotal
2013 - The Soulboy Collection/Disc 1/1-13-Sorry.flac,The Soulboy Collection,1-13-Sorry.flac,13,Sorry,方大同,The Soulboy Collection,方大同,2013-11-26,1,18,,,,,,-6.69 dB,0.980011,albumartistsort;artists;artistsort;asin;barcode;bpm;catalognumber;copyright;disctotal;isrc;itunesadvisory;label;lyrics;media;musicbrainz_albumartistid;musicbrainz_albumid;musicbrainz_artistid;musicbrainz_releasegroupid;musicbrainz_releasetrackid;musicbrainz_trackid;originaldate;originalyear;releasecountry;releasestatus;releasetype;replaygain_album_gain;replaygain_album_peak;script;totaldiscs;tracktotal
2013 - The Soulboy Collection/Disc 1/1-14-公園.flac,The Soulboy Collection,1-14-公園.flac,14,公園,方大同,The Soulboy Collection,方大同,2013-11-26,1,18,,,,,,-7.92 dB,0.980011,albumartistsort;artists;artistsort;asin;barcode;bpm;catalognumber;copyright;disctotal;isrc;itunesadvisory;label;media;musicbrainz_albumartistid;musicbrainz_albumid;musicbrainz_artistid;musicbrainz_releasegroupid;musicbrainz_releasetrackid;musicbrainz_trackid;originaldate;originalyear;releasecountry;releasestatus;releasetype;replaygain_album_gain;replaygain_album_peak;script;totaldiscs;tracktotal
2013 - The Soulboy Collection/Disc 1/1-15-愛在.flac,The Soulboy Collection,1-15-愛在.flac,15,愛在,方大同,The Soulboy Collection,方大同,2013-11-26,1,18,,,,,,-5.72 dB,0.980011,albumartistsort;artists;artistsort;asin;barcode;bpm;catalognumber;copyright;disctotal;isrc;itunesadvisory;label;media;musicbrainz_albumartistid;musicbrainz_albumid;musicbrainz_artistid;musicbrainz_releasegroupid;musicbrainz_releasetrackid;musicbrainz_trackid;originaldate;originalyear;releasecountry;releasestatus;releasetype;replaygain_album_gain;replaygain_album_peak;script;totaldiscs;tracktotal
2013 - The Soulboy Collection/Disc 1/1-16-Singalongsong.flac,The Soulboy Collection,1-16-Singalongsong.flac,16,Singalongsong,方大同,The Soulboy Collection,方大同,2013-11-26,1,18,,,,,,-7.56 dB,0.945404,albumartistsort;artists;artistsort;asin;barcode;bpm;catalognumber;copyright;disctotal;isrc;itunesadvisory;label;lyrics;media;musicbrainz_albumartistid;musicbrainz_albumid;musicbrainz_artistid;musicbrainz_releasegroupid;musicbrainz_releasetrackid;musicbrainz_trackid;originaldate;originalyear;releasecountry;releasestatus;releasetype;replaygain_album_gain;replaygain_album_peak;script;totaldiscs;tracktotal
2013 - The Soulboy Collection/Disc 1/1-17-小小蟲.flac,The Soulboy Collection,1-17-小小蟲.flac,17,小小蟲,方大同,The Soulboy Collection,方大同,2013-11-26,1,18,,,,,,-7.47 dB,0.981934,albumartistsort;artists;artistsort;asin;barcode;bpm;catalognumber;copyright;disctotal;isrc;itunesadvisory;label;lyrics;media;musicbrainz_albumartistid;musicbrainz_albumid;musicbrainz_artistid;musicbrainz_releasegroupid;musicbrainz_releasetrackid;musicbrainz_trackid;originaldate;originalyear;releasecountry;releasestatus;releasetype;replaygain_album_gain;replaygain_album_peak;script;totaldiscs;tracktotal
2013 - The Soulboy Collection/Disc 1/1-18-每個人都會.flac,The Soulboy Collection,1-18-每個人都會.flac,18,每個人都會,方大同,The Soulboy Collection,方大同,2013-11-26,1,18,,,,,,-7.96 dB,0.95816,albumartistsort;artists;artistsort;asin;barcode;bpm;catalognumber;copyright;disctotal;isrc;itunesadvisory;label;lyrics;media;musicbrainz_albumartistid;musicbrainz_albumid;musicbrainz_artistid;musicbrainz_releasegroupid;musicbrainz_releasetrackid;musicbrainz_trackid;originaldate;originalyear;releasecountry;releasestatus;releasetype;replaygain_album_gain;replaygain_album_peak;script;totaldiscs;tracktotal
2013 - The Soulboy Collection/Disc 2/2-01-三人遊.flac,The Soulboy Collection,2-01-三人遊.flac,1,三人遊,方大同,The Soulboy Collection,方大同,2013-11-26,2,18,,,,,,-6.77 dB,0.964417,albumartistsort;artists;artistsort;asin;barcode;bpm;catalognumber;copyright;disctotal;isrc;itunesadvisory;label;lyrics;media;musicbrainz_albumartistid;musicbrainz_albumid;musicbrainz_artistid;musicbrainz_releasegroupid;musicbrainz_releasetrackid;musicbrainz_trackid;originaldate;originalyear;releasecountry;releasestatus;releasetype;replaygain_album_gain;replaygain_album_peak;script;totaldiscs;tracktotal
2013 - The Soulboy Collection/Disc 2/2-02-1234567.flac,The Soulboy Collection,2-02-1234567.flac,2,1234567,方大同,The Soulboy Collection,方大同,2013-11-26,2,18,,,,,,-9.27 dB,0.994385,albumartistsort;artists;artistsort;asin;barcode;bpm;catalognumber;copyright;disctotal;isrc;itunesadvisory;label;lyrics;media;musicbrainz_albumartistid;musicbrainz_albumid;musicbrainz_artistid;musicbrainz_releasegroupid;musicbrainz_releasetrackid;musicbrainz_trackid;originaldate;originalyear;releasecountry;releasestatus;releasetype;replaygain_album_gain;replaygain_album_peak;script;totaldiscs;tracktotal
2013 - The Soulboy Collection/Disc 2/2-03-Nothing’s Gonna Change My Love for You.flac,The Soulboy Collection,2-03-Nothing’s Gonna Change My Love for You.flac,3,Nothing’s Gonna Change My Love for You,方大同,The Soulboy Collection,方大同,2013-11-26,2,18,,,,,,-6.57 dB,0.999176,albumartistsort;artists;artistsort;asin;barcode;bpm;catalognumber;copyright;disctotal;isrc;itunesadvisory;label;lyrics;media;musicbrainz_albumartistid;musicbrainz_albumid;musicbrainz_artistid;musicbrainz_releasegroupid;musicbrainz_releasetrackid;musicbrainz_trackid;originaldate;originalyear;releasecountry;releasestatus;releasetype;replaygain_album_gain;replaygain_album_peak;script;totaldiscs;tracktotal
2013 - The Soulboy Collection/Disc 2/2-04-月亮代表我的心.flac,The Soulboy Collection,2-04-月亮代表我的心.flac,4,月亮代表我的心,方大同,The Soulboy Collection,方大同,2013-11-26,2,18,,,,,,-5.16 dB,0.988556,albumartistsort;artists;artistsort;asin;barcode;bpm;catalognumber;copyright;disctotal;isrc;itunesadvisory;label;lyrics;media;musicbrainz_albumartistid;musicbrainz_albumid;musicbrainz_artistid;musicbrainz_releasegroupid;musicbrainz_releasetrackid;musicbrainz_trackid;originaldate;originalyear;releasecountry;releasestatus;releasetype;replaygain_album_gain;replaygain_album_peak;script;totaldiscs;tracktotal
2013 - The Soulboy Collection/Disc 2/2-05-紅豆.flac,The Soulboy Collection,2-05-紅豆.flac,5,紅豆,方大同,The Soulboy Collection,方大同,2013-11-26,2,18,,,,,,-4 dB,0.943146,albumartistsort;artists;artistsort;asin;barcode;bpm;catalognumber;copyright;disctotal;isrc;itunesadvisory;label;lyrics;media;musicbrainz_albumartistid;musicbrainz_albumid;musicbrainz_artistid;musicbrainz_releasegroupid;musicbrainz_releasetrackid;musicbrainz_trackid;originaldate;originalyear;releasecountry;releasestatus;releasetype;replaygain_album_gain;replaygain_album_peak;script;totaldiscs;tracktotal
2013 - The Soulboy Collection/Disc 2/2-06-Wonderful Tonight.flac,The Soulboy Collection,2-06-Wonderful Tonight.flac,6,Wonderful Tonight,方大同,The Soulboy Collection,方大同,2013-11-26,2,18,,,,,,-2.34 dB,0.97641,albumartistsort;artists;artistsort;asin;barcode;bpm;catalognumber;copyright;disctotal;isrc;itunesadvisory;label;lyrics;media;musicbrainz_albumartistid;musicbrainz_albumid;musicbrainz_artistid;musicbrainz_releasegroupid;musicbrainz_releasetrackid;musicbrainz_trackid;originaldate;originalyear;releasecountry;releasestatus;releasetype;replaygain_album_gain;replaygain_album_peak;script;totaldiscs;tracktotal
2013 - The Soulboy Collection/Disc 2/2-07-You Are the Sunshine of My Life.flac,The Soulboy Collection,2-07-You Are the Sunshine of My Life.flac,7,You Are the Sunshine of My Life,方大同 feat. 黃韻玲,The Soulboy Collection,方大同,2013-11-26,2,18,,,,,,-6.28 dB,0.954132,albumartistsort;artists;artistsort;asin;barcode;bpm;catalognumber;copyright;disctotal;isrc;itunesadvisory;label;lyrics;media;musicbrainz_albumartistid;musicbrainz_albumid;musicbrainz_artistid;musicbrainz_releasegroupid;musicbrainz_releasetrackid;musicbrainz_trackid;originaldate;originalyear;releasecountry;releasestatus;releasetype;replaygain_album_gain;replaygain_album_peak;script;totaldiscs;tracktotal
2013 - The Soulboy Collection/Disc 2/2-08-張永成.flac,The Soulboy Collection,2-08-張永成.flac,8,張永成,方大同 feat. Ghost Style,The Soulboy Collection,方大同,2013-11-26,2,18,,,,,,-6.82 dB,0.944061,albumartistsort;artists;artistsort;asin;barcode;bpm;catalognumber;copyright;disctotal;isrc;itunesadvisory;label;media;musicbrainz_albumartistid;musicbrainz_albumid;musicbrainz_artistid;musicbrainz_releasegroupid;musicbrainz_releasetrackid;musicbrainz_trackid;originaldate;originalyear;releasecountry;releasestatus;releasetype;replaygain_album_gain;replaygain_album_peak;script;totaldiscs;tracktotal
2013 - The Soulboy Collection/Disc 2/2-09-自以為.flac,The Soulboy Collection,2-09-自以為.flac,9,自以為,方大同 & 徐佳瑩,The Soulboy Collection,方大同,2013-11-26,2,18,,,,,,-7.89 dB,1,albumartistsort;artists;artistsort;asin;barcode;bpm;catalognumber;copyright;disctotal;isrc;itunesadvisory;label;media;musicbrainz_albumartistid;musicbrainz_albumid;musicbrainz_artistid;musicbrainz_releasegroupid;musicbrainz_releasetrackid;musicbrainz_trackid;originaldate;originalyear;releasecountry;releasestatus;releasetype;replaygain_album_gain;replaygain_album_peak;script;totaldiscs;tracktotal
2013 - The Soulboy Collection/Disc 2/2-10-好不容易.flac,The Soulboy Collection,2-10-好不容易.flac,10,好不容易,方大同,The Soulboy Collection,方大同,2013-11-26,2,18,,,,,,-7.18 dB,1,albumartistsort;artists;artistsort;asin;barcode;bpm;catalognumber;copyright;disctotal;isrc;itunesadvisory;label;lyrics;media;musicbrainz_albumartistid;musicbrainz_albumid;musicbrainz_artistid;musicbrainz_releasegroupid;musicbrainz_releasetrackid;musicbrainz_trackid;originaldate;originalyear;releasecountry;releasestatus;releasetype;replaygain_album_gain;replaygain_album_peak;script;totaldiscs;tracktotal
2013 - The Soulboy Collection/Disc 2/2-11-因為你.flac,The Soulboy Collection,2-11-因為你.flac,11,因為你,方大同,The Soulboy Collection,方大同,2013-11-26,2,18,,,,,,-6.3 dB,1,albumartistsort;artists;artistsort;asin;barcode;bpm;catalognumber;copyright;disctotal;isrc;itunesadvisory;label;media;musicbrainz_albumartistid;musicbrainz_albumid;musicbrainz_artistid;musicbrainz_releasegroupid;musicbrainz_releasetrackid;musicbrainz_trackid;originaldate;originalyear;releasecountry;releasestatus;releasetype;replaygain_album_gain;replaygain_album_peak;script;totaldiscs;tracktotal
2013 - The Soulboy Collection/Disc 2/2-12-情勝策略.flac,The Soulboy Collection,2-12-情勝策略.flac,12,情勝策略,方大同,The Soulboy Collection,方大同,2013-11-26,2,18,,,,,,-6.59 dB,0.944061,albumartistsort;artists;artistsort;asin;barcode;bpm;catalognumber;copyright;disctotal;isrc;itunesadvisory;label;media;musicbrainz_albumartistid;musicbrainz_albumid;musicbrainz_artistid;musicbrainz_releasegroupid;musicbrainz_releasetrackid;musicbrainz_trackid;originaldate;originalyear;releasecountry;releasestatus;releasetype;replaygain_album_gain;replaygain_album_peak;script;totaldiscs;tracktotal
2013 - The Soulboy Collection/Disc 2/2-13-千紙鶴.flac,The Soulboy Collection,2-13-千紙鶴.flac,13,千紙鶴,方大同,The Soulboy Collection,方大同,2013-11-26,2,18,,,,,,-4.42 dB,0.991241,albumartistsort;artists;artistsort;asin;barcode;bpm;catalognumber;copyright;disctotal;isrc;itunesadvisory;label;lyrics;media;musicbrainz_albumartistid;musicbrainz_albumid;musicbrainz_artistid;musicbrainz_releasegroupid;musicbrainz_releasetrackid;musicbrainz_trackid;originaldate;originalyear;releasecountry;releasestatus;releasetype;replaygain_album_gain;replaygain_album_peak;script;totaldiscs;tracktotal
2013 - The Soulboy Collection/Disc 2/2-14-Romeo.flac,The Soulboy Collection,2-14-Romeo.flac,14,Romeo,方大同,The Soulboy Collection,方大同,2013-11-26,2,18,,,,,,-6.67 dB,0.912018,albumartistsort;artists;artistsort;asin;barcode;catalognumber;copyright;disctotal;isrc;itunesadvisory;label;lyrics;media;musicbrainz_albumartistid;musicbrainz_albumid;musicbrainz_artistid;musicbrainz_releasegroupid;musicbrainz_releasetrackid;musicbrainz_trackid;originaldate;originalyear;releasecountry;releasestatus;releasetype;replaygain_album_gain;replaygain_album_peak;script;totaldiscs;tracktotal
2013 - The Soulboy Collection/Disc 2/2-15-愛立刻.flac,The Soulboy Collection,2-15-愛立刻.flac,15,愛立刻,方大同,The Soulboy Collection,方大同,2013-11-26,2,18,,,,,,-5.58 dB,0.886139,albumartistsort;artists;artistsort;asin;barcode;bpm;catalognumber;copyright;disctotal;isrc;itunesadvisory;label;media;musicbrainz_albumartistid;musicbrainz_albumid;musicbrainz_artistid;musicbrainz_releasegroupid;musicbrainz_releasetrackid;musicbrainz_trackid;originaldate;originalyear;releasecountry;releasestatus;releasetype;replaygain_album_gain;replaygain_album_peak;script;totaldiscs;tracktotal
2013 - The Soulboy Collection/Disc 2/2-16-BB88.flac,The Soulboy Collection,2-16-BB88.flac,16,BB88,方大同,The Soulboy Collection,方大同,2013-11-26,2,18,,,,,,-7.15 dB,1,albumartistsort;artists;artistsort;asin;barcode;bpm;catalognumber;copyright;disctotal;isrc;itunesadvisory;label;lyrics;media;musicbrainz_albumartistid;musicbrainz_albumid;musicbrainz_artistid;musicbrainz_releasegroupid;musicbrainz_releasetrackid;musicbrainz_trackid;originaldate;originalyear;releasecountry;releasestatus;releasetype;replaygain_album_gain;replaygain_album_peak;script;totaldiscs;tracktotal
2013 - The Soulboy Collection/Disc 2/2-17-關於愛的定義.flac,The Soulboy Collection,2-17-關於愛的定義.flac,17,關於愛的定義,方大同,The Soulboy Collection,方大同,2013-11-26,2,18,,,,,,-5.61 dB,0.912018,albumartistsort;artists;artistsort;asin;barcode;bpm;catalognumber;copyright;disctotal;isrc;itunesadvisory;label;lyrics;media;musicbrainz_albumartistid;musicbrainz_albumid;musicbrainz_artistid;musicbrainz_releasegroupid;musicbrainz_releasetrackid;musicbrainz_trackid;originaldate;originalyear;releasecountry;releasestatus;releasetype;replaygain_album_gain;replaygain_album_peak;script;totaldiscs;tracktotal
2013 - The Soulboy Collection/Disc 2/2-18-玩樂.flac,The Soulboy Collection,2-18-玩樂.flac,18,玩樂,方大同,The Soulboy Collection,方大同,2013-11-26,2,18,,,,,,-8.04 dB,1,albumartistsort;artists;artistsort;asin;barcode;bpm;catalognumber;copyright;disctotal;isrc;itunesadvisory;label;media;musicbrainz_albumartistid;musicbrainz_albumid;musicbrainz_artistid;musicbrainz_releasegroupid;musicbrainz_releasetrackid;musicbrainz_trackid;originaldate;originalyear;releasecountry;releasestatus;releasetype;replaygain_album_gain;replaygain_album_peak;script;totaldiscs;tracktotal
2016-JTW 西游记（BLACK）[flac]/方大同-Love You So Much.flac,JTW 西遊記,方大同-Love You So Much.flac,9,Love You So Much,方大同,JTW 西遊記,方大同,2016-09-28,1,11,,,Electropop;R&B,,,,,disctotal;label;media;musicbrainz_albumartistid;musicbrainz_albumid;musicbrainz_albumstatus;musicbrainz_albumtype;musicbrainz_artistid;musicbrainz_releasegroupid;musicbrainz_releasetrackid;musicbrainz_trackid;originaldate;originalyear;releasecountry;releasestatus;releasetype;totaldiscs;tracktotal
2016-JTW 西游记（BLACK）[flac]/方大同-NMW.flac,JTW 西游记（BLACK）,方大同-NMW.flac,6,NMW,方大同,JTW 西游记（BLACK）,,,,,,,,酷我音乐,Lavf57.46.101,,,
2016-JTW 西游记（BLACK）[flac]/方大同-Ring Finger.flac,JTW 西遊記,方大同-Ring Finger.flac,5,Ring Finger,方大同,JTW 西遊記,方大同,2016-09-28,1,11,,,Electropop;R&B,,,,,disctotal;label;media;musicbrainz_albumartistid;musicbrainz_albumid;musicbrainz_albumstatus;musicbrainz_albumtype;musicbrainz_artistid;musicbrainz_releasegroupid;musicbrainz_releasetrackid;musicbrainz_trackid;originaldate;originalyear;releasecountry;releasestatus;releasetype;totaldiscs;tracktotal
2016-JTW 西游记（BLACK）[flac]/方大同-听.flac,JTW 西游记（BLACK）,方大同-听.flac,3,听,方大同,JTW 西游记（BLACK）,,,,,,,,酷我音乐,,,,
2016-JTW 西游记（BLACK）[flac]/方大同-悟空.flac,JTW 西游记（BLACK）,方大同-悟空.flac,1,悟空,方大同,JTW 西游记（BLACK）,,,,,,,,酷我音乐,,,,
2016-JTW 西游记（BLACK）[flac]/方大同-梦蝴蝶.flac,JTW 西游记（BLACK）,方大同-梦蝴蝶.flac,8,梦蝴蝶,方大同,JTW 西游记（BLACK）,,,,,,,,酷我音乐,,,,
2016-JTW 西游记（BLACK）[flac]/方大同-笑开.flac,JTW 西游记（BLACK）,方大同-笑开.flac,7,笑开,方大同,JTW 西游记（BLACK）,,,,,,,,酷我音乐,Lavf57.46.101,,,
2016-JTW 西游记（BLACK）[flac]/方大同_Zion.T_Crush-味道.flac,JTW 西游记（BLACK）,方大同_Zion.T_Crush-味道.flac,4,味道,方大同&Zion.T&Crush,JTW 西游记（BLACK）,,,,,,,,酷我音乐,Lavf57.46.101,,,
2016-JTW 西游记（BLACK）[flac]/方大同_杭盖-醉.flac,JTW 西游记（BLACK）,方大同_杭盖-醉.flac,10,醉,方大同&杭盖,JTW 西游记（BLACK）,,,,,,,,酷我音乐,Lavf57.46.101,,,
2016-JTW 西游记（BLACK）[flac]/方大同_王力宏-FLOW.flac,JTW 西游记（BLACK）,方大同_王力宏-FLOW.flac,2,FLOW,方大同&王力宏,JTW 西游记（BLACK）,,,,,,,,酷我音乐,Lavf57.71.100,,,encoded_by
2016-JTW 西游记（GOLD）[flac]/方大同 - As I Do.flac,JTW西游记 (GOLD),方大同 - As I Do.flac,10,As I Do,方大同,JTW西游记 (GOLD),,,,,,,,,Lavf57.25.100,,,
2016-JTW 西游记（GOLD）[flac]/方大同 - Once.flac,JTW西游记 (GOLD),方大同 - Once.flac,5,Once,方大同,JTW西游记 (GOLD),,,,,,,,,Lavf57.25.100,,,
2016-JTW 西游记（GOLD）[flac]/方大同 - Right Girl.flac,JTW西游记 (GOLD),方大同 - Right Girl.flac,2,Right Girl,方大同,JTW西游记 (GOLD),,,,,,,,,Lavf57.25.100,,,
2016-JTW 西游记（GOLD）[flac]/方大同 - 很不低调.flac,JTW西游记 (GOLD),方大同 - 很不低调.flac,8,很不低调,方大同,JTW西游记 (GOLD),,,,,,,,,Lavf57.25.100,,,
2016-JTW 西游记（GOLD）[flac]/方大同 - 放不过自己.flac,JTW西游记 (GOLD),方大同 - 放不过自己.flac,9,放不过自己,方大同,JTW西游记 (GOLD),,,,,,,,,Lavf57.25.100,,,
2016-JTW 西游记（GOLD）[flac]/方大同 - 烦.flac,JTW西游记 (GOLD),方大同 - 烦.flac,4,烦,方大同,JTW西游记 (GOLD),,,,,,,,,Lavf57.25.100,,,
2016-JTW 西游记（GOLD）[flac]/方大同 - 黑夜.flac,JTW西游记 (GOLD),方大同 - 黑夜.flac,7,黑夜,方大同,JTW西游记 (GOLD),,,,,,,,,Lavf57.25.100,,,
"2016-JTW 西游记（GOLD）[flac]/方大同,FiFi Rong - Run From Your Love.flac",JTW西游记 (GOLD),"方大同,FiFi Rong - Run From Your Love.flac",3,Run From Your Love,方大同/FiFi Rong,JTW西游记 (GOLD),,,,,,,,,Lavf57.25.100,,,
"2016-JTW 西游记（GOLD）[flac]/方大同,张靓颖 - 无所谓.flac",JTW西游记 (GOLD),"方大同,张靓颖 - 无所谓.flac",6,无所谓,方大同/张靓颖,JTW西游记 (GOLD),,,,,,,,,Lavf57.25.100,,,
"2016-JTW 西游记（GOLD）[flac]/方大同,王诗安 - All Night.flac",JTW西游记 (GOLD),"方大同,王诗安 - All Night.flac",1,All Night,方大同/王诗安,JTW西游记 (GOLD),,,,,,,,,Lavf57.25.100,,,
Timeless 可啦思刻/01.You Are the Sunshine of My Life.flac,Timeless 可啦思刻,01.You Are the Sunshine of My Life.flac,1,You Are the Sunshine of My Life,方大同,Timeless 可啦思刻,,,,,,,,酷我音乐,,,,
Timeless 可啦思刻/02.Nothing's Gonna Change My Love For You.flac,Timeless 可啦思刻,02.Nothing's Gonna Change My Love For You.flac,2,Nothing's Gonna Change My Love For You,方大同,Timeless 可啦思刻,,,,,,,,酷我音乐,Lavf58.20.100,,,
Timeless 可啦思刻/03.Bad.flac,Timeless 可啦思刻,03.Bad.flac,3,Bad,方大同,Timeless 可啦思刻,,,,,,,,酷我音乐,,,,
Timeless 可啦思刻/04.狂潮.flac,Timeless 可啦思刻,04.狂潮.flac,4,狂潮,方大同,Timeless 可啦思刻,,,,,,,,酷我音乐,,,,
Timeless 可啦思刻/05.La Bamba.flac,Timeless 可啦思刻,05.La Bamba.flac,5,La Bamba,方大同,Timeless 可啦思刻,,,,,,,,酷我音乐,Lavf58.20.100,,,
Timeless 可啦思刻/06.红豆.flac,Timeless 可啦思刻,06.红豆.flac,6,红豆,方大同,Timeless 可啦思刻,,,,,,,,酷我音乐,,,,
Timeless 可啦思刻/07.Georgia On My Mind.flac,Timeless 可啦思刻,07.Georgia On My Mind.flac,7,Georgia On My Mind,方大同,Timeless 可啦思刻,,,,,,,,酷我音乐,Lavf58.20.100,,,
Timeless 可啦思刻/08.记得.flac,Timeless 可啦思刻,08.记得.flac,8,记得,方大同,Timeless 可啦思刻,,,,,,,,酷我音乐,Lavf58.20.100,,,
Timeless 可啦思刻/09.Wonderful Tonight.flac,Timeless 可啦思刻,09.Wonderful Tonight.flac,9,Wonderful Tonight,方大同,Timeless 可啦思刻,,,,,,,,酷我音乐,Lavf58.20.100,,,
Timeless 可啦思刻/10.Moon River.flac,Timeless 可啦思刻,10.Moon River.flac,10,Moon River,方大同,Timeless 可啦思刻,,,,,,,,酷我音乐,Lavf58.20.100,,,
Timeless 可啦思刻/11.月亮代表我的心.flac,Timeless 可啦思刻,11.月亮代表我的心.flac,11,月亮代表我的心,方大同,Timeless 可啦思刻,,,,,,,,酷我音乐,,,,
Timeless演唱会 2CD/CD1/01.Introlude (Timeless Live 2009).flac,Timeless演唱会,01.Introlude (Timeless Live 2009).flac,1,Introlude (Timeless Live 2009),方大同,Timeless演唱会,,,,,,,,酷我音乐,,,,
Timeless演唱会 2CD/CD1/04.如果爱 (Live).flac,Timeless演唱会,04.如果爱 (Live).flac,4,如果爱 (Live),方大同,Timeless演唱会,,,,,,,,酷我音乐,,,,
Timeless演唱会 2CD/CD1/05.记得 (Live).flac,Timeless演唱会,05.记得 (Live).flac,5,记得 (Live),方大同,Timeless演唱会,,,,,,,,,,,,
Timeless演唱会 2CD/CD1/06.Nothing’s Gonna Change My Love For You (Live).flac,Timeless演唱会,06.Nothing’s Gonna Change My Love For You (Live).flac,6,Nothing’s Gonna Change My Love For You (Live),方大同,Timeless演唱会,,,,,,,,酷我音乐,Lavf57.46.101,,,
Timeless演唱会 2CD/CD1/07.春风吹 (Live).flac,Timeless演唱会,07.春风吹 (Live).flac,7,春风吹 (Live),方大同,Timeless演唱会,,,,,,,,酷我音乐,,,,
Timeless演唱会 2CD/CD1/08.Billie Jean (Timeless Live 2009).flac,Timeless演唱会,08.Billie Jean (Timeless Live 2009).flac,8,Billie Jean (Timeless Live 2009),方大同,Timeless演唱会,,,,,,,,酷我音乐,Lavf58.20.100,,,
Timeless演唱会 2CD/CD1/09.Who Is It (Timeless Live 2009).flac,Timeless演唱会,09.Who Is It (Timeless Live 2009).flac,9,Who Is It (Timeless Live 2009),方大同,Timeless演唱会,,,,,,,,酷我音乐,,,,
Timeless演唱会 2CD/CD1/10.歌手与模特儿 (Live).flac,Timeless演唱会,10.歌手与模特儿 (Live).flac,10,歌手与模特儿 (Live),方大同,Timeless演唱会,,,,,,,,,,,,
Timeless演唱会 2CD/CD1/11.每个人都会 (Live).flac,Timeless演唱会,11.每个人都会 (Live).flac,11,每个人都会 (Live),方大同,Timeless演唱会,,,,,,,,酷我音乐,,,,
Timeless演唱会 2CD/CD1/13.Love Song (Live).flac,Timeless演唱会,13.Love Song (Live).flac,13,Love Song (Live),方大同,Timeless演唱会,,,,,,,,酷我音乐,,,,
Timeless演唱会 2CD/CD1/14.红豆 (Timeless Live 2009).flac,Timeless演唱会,14.红豆 (Timeless Live 2009).flac,14,红豆 (Timeless Live 2009),方大同,Timeless演唱会,,,,,,,,酷我音乐,,,,
Timeless演唱会 2CD/CD1/16.Moon River (Live).flac,Timeless演唱会,16.Moon River (Live).flac,16,Moon River (Live),方大同,Timeless演唱会,,,,,,,,酷我音乐,,,,
Timeless演唱会 2CD/CD1/17.Wonderful Tonight (Live).flac,Timeless演唱会,17.Wonderful Tonight (Live).flac,17,Wonderful Tonight (Live),方大同,Timeless演唱会,,,,,,,,酷我音乐,Lavf58.20.100,,,
Timeless演唱会 2CD/CD2/01.三人游 (Live).flac,Timeless演唱会,01.三人游 (Live).flac,1,三人游 (Live),方大同,Timeless演唱会,,,,,,,,酷我音乐,Lavf58.20.100,,,
Timeless演唱会 2CD/CD2/02.爱我吧 (Live).flac,Timeless演唱会,02.爱我吧 (Live).flac,2,爱我吧 (Live),方大同,Timeless演唱会,,,,,,,,酷我音乐,,,,
Timeless演唱会 2CD/CD2/04.Let's Stay Together (Timeless Live 2009).flac,Timeless演唱会,04.Let's Stay Together (Timeless Live 2009).flac,4,Let's Stay Together (Timeless Live 2009),方大同,Timeless演唱会,,,,,,,,酷我音乐,Lavf58.20.100,,,
Timeless演唱会 2CD/CD2/05.公园 (Live).flac,Timeless演唱会,05.公园 (Live).flac,5,公园 (Live),方大同,Timeless演唱会,,,,,,,,酷我音乐,Lavf58.20.100,,,
Timeless演唱会 2CD/CD2/08.未来 (Timeless Live 2009).flac,Timeless演唱会,08.未来 (Timeless Live 2009).flac,8,未来 (Timeless Live 2009),方大同,Timeless演唱会,,,,,,,,酷我音乐,,,,
Timeless演唱会 2CD/CD2/09.Free Jam (Timeless Live 2009).flac,Timeless演唱会,09.Free Jam (Timeless Live 2009).flac,9,Free Jam (Timeless Live 2009),方大同,Timeless演唱会,,,,,,,,酷我音乐,,,,
Timeless演唱会 2CD/CD2/11.You Are the Sunshine of My Life (Live).flac,Timeless演唱会,11.You Are the Sunshine of My Life (Live).flac,11,You Are the Sunshine of My Life (Live),方大同,Timeless演唱会,,,,,,,,酷我音乐,,,,
Timeless演唱会 2CD/CD2/13.爱爱爱 (Live).flac,Timeless演唱会,13.爱爱爱 (Live).flac,13,爱爱爱,方大同,Timeless演唱会,,,,,,,,,,,,
Timeless演唱会 2CD/CD2/14.Outrolude (Timeless Live 2009).flac,Timeless演唱会,14.Outrolude (Timeless Live 2009).flac,14,Outrolude (Timeless Live 2009),方大同,Timeless演唱会,,,,,,,,酷我音乐,,,,
危险世界/01.Welcome.flac,危险世界,01.Welcome.flac,1,Welcome,方大同,危险世界,,,,,,,,酷我音乐,,,,
危险世界/02.危险世界.flac,危险世界,02.危险世界.flac,2,危险世界,方大同,危险世界,,,,,,,,酷我音乐,,,,
危险世界/03.Peace (Feat. Tia Ray).flac,危险世界,03.Peace (Feat. Tia Ray).flac,3,Peace (Feat. Tia Ray 袁娅维),方大同&袁娅维TIA RAY,危险世界,,,,,,,,酷我音乐,,,,
危险世界/04.小方.flac,危险世界,04.小方.flac,4,小方,方大同,危险世界,,,,,,,,酷我音乐,,,,
危险世界/05.Soundcheck.flac,危险世界,05.Soundcheck.flac,5,Soundcheck,方大同,危险世界,,,,,,,,酷我音乐,,,,
危险世界/06.黑白灰.flac,危险世界,06.黑白灰.flac,6,黑白灰,方大同,危险世界,,,,,,,,酷我音乐,,,,
危险世界/07.桃花运.flac,危险世界,07.桃花运.flac,7,桃花运,方大同,危险世界,,,,,,,,酷我音乐,,,,
危险世界/08.特别的人.flac,危险世界,08.特别的人.flac,8,特别的人,方大同,危险世界,,,,,,,,酷我音乐,,,,
危险世界/09.Weather Report.flac,危险世界,09.Weather Report.flac,9,Weather Report,方大同,危险世界,,,,,,,,酷我音乐,,,,
危险世界/10.天气先生.flac,危险世界,10.天气先生.flac,10,天气先生,方大同,危险世界,,,,,,,,酷我音乐,,,,
危险世界/11.枫叶做的风铃.flac,危险世界,11.枫叶做的风铃.flac,11,枫叶做的风铃,方大同,危险世界,,,,,,,,酷我音乐,,,,
危险世界/12.Boarding.flac,危险世界,12.Boarding.flac,12,Boarding,方大同,危险世界,,,,,,,,酷我音乐,,,,
危险世界/13.巴黎.flac,危险世界,13.巴黎.flac,13,巴黎,方大同,危险世界,,,,,,,,酷我音乐,,,,
危险世界/14.爱不来 (feat. 葛仲珊).flac,危险世界,14.爱不来 (feat. 葛仲珊).flac,13,爱不来 (feat. Miss Ko葛仲珊),方大同&葛仲珊,危险世界,,,,,,,,酷我音乐,,,,
危险世界/15.僵尸.flac,危险世界,15.僵尸.flac,15,僵尸,方大同,危险世界,,,,,,,,酷我音乐,Lavf58.20.100,,,
危险世界/16.Lights Up.flac,危险世界,16.Lights Up.flac,16,Lights Up,方大同,危险世界,,,,,,,,酷我音乐,,,,
回到未来/01.Can You Feel The Music.flac,回到未来,01.Can You Feel The Music.flac,1,Can You Feel The Music,方大同,回到未来,,,,,,,,,Lavf58.20.100,,,
回到未来/02.I Want You Back.flac,回到未来,02.I Want You Back.flac,2,I Want You Back,方大同,回到未来,,,,,,,,酷我音乐,,,,
回到未来/03.你就是.flac,回到未来,03.你就是.flac,3,你就是,方大同,回到未来,,,,,,,,酷我音乐,Lavf58.20.100,,,
回到未来/04.千纸鹤.flac,回到未来,04.千纸鹤.flac,4,千纸鹤,方大同,回到未来,,,,,,,,酷我音乐,Lavf58.20.100,,,
回到未来/05.关于爱的定义.flac,回到未来,05.关于爱的定义.flac,5,关于爱的定义,方大同,回到未来,,,,,,,,酷我音乐,,,,
回到未来/06.麦恩莉.flac,回到未来,06.麦恩莉.flac,6,麦恩莉,方大同,回到未来,,,,,,,,酷我音乐,Lavf58.20.100,,,
回到未来/07.孤独孩儿.flac,回到未来,07.孤独孩儿.flac,7,孤独孩儿,方大同,回到未来,,,,,,,,酷我音乐,Lavf58.20.100,,,
回到未来/08.Romeo.flac,回到未来,08.Romeo.flac,8,Romeo,方大同,回到未来,,,,,,,,酷我音乐,,,,
回到未来/09.妈妈说.flac,回到未来,09.妈妈说.flac,9,妈妈说,方大同,回到未来,,,,,,,,酷我音乐,Lavf58.20.100,,,
回到未来/10.爱立刻.flac,回到未来,10.爱立刻.flac,10,爱立刻,方大同,回到未来,,,,,,,,酷我音乐,,,,
回到未来/11.BB88.flac,回到未来,11.BB88.flac,11,BB88,方大同,回到未来,,,,,,,,酷我音乐,Lavf58.20.100,,,
未来/01.Love Song.flac,未来,01.Love Song.flac,1,Love Song,方大同,未来,,,,,,,,酷我音乐,,,,
未来/02.够不够.flac,未来,02.够不够.flac,2,够不够,方大同,未来,,,,,,,,酷我音乐,Lavf57.71.100,,,
未来/03.暖.flac,未来,03.暖.flac,3,暖,方大同,未来,,,,,,,,酷我音乐,Lavf57.71.100,,,
未来/04.爱在.flac,未来,04.爱在.flac,4,爱在,方大同,未来,,,,,,,,酷我音乐,Lavf57.71.100,,,
未来/05.公园.flac,未来,05.公园.flac,5,公园,方大同,未来,,,,,,,,酷我音乐,Lavf57.71.100,,,
未来/06.简单最浪漫.flac,未来,06.简单最浪漫.flac,6,简单最浪漫,方大同,未来,,,,,,,,酷我音乐,,,,
未来/07.十九八七….flac,未来,07.十九八七….flac,7,十九八七…,方大同,未来,,,,,,,,酷我音乐,Lavf58.20.100,,,
未来/08.未来.flac,未來,08.未来.flac,8,未來,方大同,未來,方大同,2007-12-28,1,11,,,,,,,,acoustid_fingerprint;acoustid_id;album artist;album_artist;album_artists;albumartist_credit;albumartists;albumartists_credit;albumartists_sort;albumartistsort;arranger;artist_credit;artists;artists_credit;artists_sort;artistsort;asin;barcode;bpm;catalognumber;comment;compilation;composersort;disc;discc;discsubtitle;disctotal;encodedby;grouping;isrc;label;language;lyrics;media;musicbrainz_albumartistid;musicbrainz_albumcomment;musicbrainz_albumid;musicbrainz_albumstatus;musicbrainz_albumtype;musicbrainz_artistid;musicbrainz_releasegroupid;musicbrainz_releasetrackid;musicbrainz_trackid;musicbrainz_workid;originaldate;publisher;releasecountry;releasestatus;releasetype;script;totaldiscs;track;trackc;tracktotal;year
未来/09.忘了美丽.flac,未来,09.忘了美丽.flac,9,忘了美丽,方大同,未来,,,,,,,,酷我音乐,,,,
未来/10.Sorry.flac,未来,10.Sorry.flac,10,Sorry,方大同,未来,,,,,,,,酷我音乐,Lavf57.71.100,,,
未来/11.爱爱爱 (Acounstic Version).flac,未来,11.爱爱爱 (Acounstic Version).flac,11,爱爱爱 (Acounstic Version),方大同,未来,,,,,,,,酷我音乐,,,,
梦想家 The Dreamer/01.XZMHXDXH.flac,梦想家 The Dreamer,01.XZMHXDXH.flac,1,XZMHXDXH,方大同,梦想家 The Dreamer,,,,,,,,酷我音乐,,,,
梦想家 The Dreamer/02.江湖中人.flac,梦想家 The Dreamer,02.江湖中人.flac,2,江湖中人,方大同,梦想家 The Dreamer,,,,,,,,酷我音乐,,,,
梦想家 The Dreamer/03.GF.flac,梦想家 The Dreamer,03.GF.flac,3,GF,方大同,梦想家 The Dreamer,,,,,,,,酷我音乐,,,,
梦想家 The Dreamer/04.Tango.flac,梦想家 The Dreamer,04.Tango.flac,4,Tango,方大同,梦想家 The Dreamer,,,,,,,,酷我音乐,,,,
梦想家 The Dreamer/05.才二十三.flac,梦想家 The Dreamer,05.才二十三.flac,5,才二十三,方大同,梦想家 The Dreamer,,,,,,,,酷我音乐,,,,
梦想家 The Dreamer/06.谁知爱是什么.flac,梦想家 The Dreamer,06.谁知爱是什么.flac,6,谁知爱是什么,方大同,梦想家 The Dreamer,,,,,,,,酷我音乐,,,,
梦想家 The Dreamer/07.我不是农人.flac,梦想家 The Dreamer,07.我不是农人.flac,7,我不是农人,方大同,梦想家 The Dreamer,,,,,,,,酷我音乐,,,,
梦想家 The Dreamer/08.那沙漠里的水.flac,梦想家 The Dreamer,08.那沙漠里的水.flac,8,那沙漠里的水,方大同,梦想家 The Dreamer,,,,,,,,酷我音乐,,,,
梦想家 The Dreamer/09.回留.flac,梦想家 The Dreamer,09.回留.flac,9,回留,方大同,梦想家 The Dreamer,,,,,,,,酷我音乐,,,,
梦想家 The Dreamer/10.没啥好说.flac,梦想家 The Dreamer,10.没啥好说.flac,10,没啥好说,方大同,梦想家 The Dreamer,,,,,,,,酷我音乐,,,,
爱爱爱/01.爱爱爱.flac,爱爱爱,01.爱爱爱.flac,1,爱爱爱,方大同,爱爱爱,,,,,,,,酷我音乐,Lavf57.71.100,,,
爱爱爱/02.苏丽珍.flac,爱爱爱,02.苏丽珍.flac,2,苏丽珍,方大同,爱爱爱,,,,,,,,酷我音乐,,,,
爱爱爱/03.歌手与模特儿.flac,爱爱爱,03.歌手与模特儿.flac,3,歌手与模特儿,方大同,爱爱爱,,,,,,,,酷我音乐,,,,
爱爱爱/04.唉!.flac,爱爱爱,04.唉!.flac,4,唉!,方大同,爱爱爱,,,,,,,,酷我音乐,,,,
爱爱爱/05.四人游.flac,爱爱爱,05.四人游.flac,5,四人游,方大同&薛凯琪,爱爱爱,,,,,,,,酷我音乐,,,,
爱爱爱/06.手拖手.flac,爱爱爱,06.手拖手.flac,6,手拖手,方大同,爱爱爱,,,,,,,,酷我音乐,,,,
爱爱爱/07.偷笑.flac,爱爱爱,07.偷笑.flac,7,偷笑,方大同,爱爱爱,,,,,,,,酷我音乐,,,,
爱爱爱/08.Goodbye Melody Rose.flac,爱爱爱,08.Goodbye Melody Rose.flac,8,Goodbye Melody Rose,方大同,爱爱爱,,,,,,,,酷我音乐,,,,
爱爱爱/09.诗人的情人.flac,爱爱爱,09.诗人的情人.flac,9,诗人的情人,方大同,爱爱爱,,,,,,,,酷我音乐,,,,
爱爱爱/10.拖男带女.flac,爱爱爱,10.拖男带女.flac,10,拖男带女,方大同,爱爱爱,,,,,,,,酷我音乐,,,,
爱爱爱/11.Love Outrolude (Instrumental).flac,爱爱爱,11.Love Outrolude (Instrumental).flac,11,Love Outrolude (Instrumental),方大同,爱爱爱,,,,,,,,酷我音乐,,,,
爱爱爱/12.If You Leave Me Now.flac,爱爱爱,12.If You Leave Me Now.flac,12,If You Leave Me Now,方大同,爱爱爱,,,,,,,,酷我音乐,Lavf58.20.100,,,
爱爱爱/13.春风吹之吹吹风mix.flac,爱爱爱,13.春风吹之吹吹风mix.flac,13,春风吹之吹吹风mix,方大同,爱爱爱,,,,,,,,酷我音乐,,,,
