relpath,size,boundary,tail_junk_bytes,junk_sha1,junk_head_hex,junk_tail_hex,errors_at_boundary,error
2008 - 橙月 Orange Moon[flac]/01.Singalongsong.flac,20774912,,,,,,,full decode incomplete: got 34836480 want 35028424 errors=3
2008 - 橙月 Orange Moon[flac]/03.1234567.flac,27656192,,,,,,,full decode incomplete: got 39794688 want 39904112 errors=3
2008 - 橙月 Orange Moon[flac]/04.黑白.flac,24969216,,,,,,,full decode incomplete: got 40697856 want 40856676 errors=3
2008 - 橙月 Orange Moon[flac]/05.如果爱.flac,27195783,27195768,15,1bce227db67356fd2b419b1c85645950e8726a65,f0 00 ff 0f 44 44 40 48 46 3c 36 0e 55 ff f0,f0 00 ff 0f 44 44 40 48 46 3c 36 0e 55 ff f0,0,
2008 - 橙月 Orange Moon[flac]/06.黑洞里.flac,23625728,,,,,,,full decode incomplete: got 37453824 want 37676772 errors=3
2008 - 橙月 Orange Moon[flac]/08.每个人都会.flac,19103744,,,,,,,full decode incomplete: got 31002624 want 31462784 errors=3
2008 - 橙月 Orange Moon[flac]/09.100种表情.flac,24608768,,,,,,,full decode incomplete: got 39020544 want 39342040 errors=3
2008 - 橙月 Orange Moon[flac]/10.爱我吧.flac,28016640,,,,,,,full decode incomplete: got 50190336 want 50634008 errors=3
2008 - 橙月 Orange Moon[flac]/11.为你写的歌.flac,21004288,,,,,,,full decode incomplete: got 34836480 want 34953284 errors=3
2008 - 橙月 Orange Moon[flac]/12.Orange Moon.flac,26418698,26418683,15,1bce227db67356fd2b419b1c85645950e8726a65,f0 00 ff 0f 44 44 40 48 46 3c 36 0e 55 ff f0,f0 00 ff 0f 44 44 40 48 46 3c 36 0e 55 ff f0,0,
2011 - 15/01.Gotta Make A Change.flac,31534213,31534198,15,1bce227db67356fd2b419b1c85645950e8726a65,f0 00 ff 0f 44 44 40 48 46 3c 36 0e 55 ff f0,f0 00 ff 0f 44 44 40 48 46 3c 36 0e 55 ff f0,0,
2011 - 15/12.Over Reprise.flac,13362377,13362362,15,1bce227db67356fd2b419b1c85645950e8726a65,f0 00 ff 0f 44 44 40 48 46 3c 36 0e 55 ff f0,f0 00 ff 0f 44 44 40 48 46 3c 36 0e 55 ff f0,0,
2016-JTW 西游记（GOLD）[flac]/方大同 - As I Do.flac,29687808,,,,,,,full decode incomplete: got 44273664 want 44520936 errors=3
2016-JTW 西游记（GOLD）[flac]/方大同 - Once.flac,15925248,,,,,,,full decode incomplete: got 29878272 want 30321912 errors=3
2016-JTW 西游记（GOLD）[flac]/方大同 - Right Girl.flac,23691264,,,,,,,full decode incomplete: got 36200448 want 36333624 errors=3
2016-JTW 西游记（GOLD）[flac]/方大同 - 很不低调.flac,32669696,,,,,,,full decode incomplete: got 47056896 want 47813736 errors=3
2016-JTW 西游记（GOLD）[flac]/方大同 - 放不过自己.flac,31260672,,,,,,,full decode incomplete: got 50079744 want 50676120 errors=3
2016-JTW 西游记（GOLD）[flac]/方大同 - 烦.flac,32440320,,,,,,,full decode incomplete: got 49747968 want 49882448 errors=3
2016-JTW 西游记（GOLD）[flac]/方大同 - 黑夜.flac,36241408,,,,,,,full decode incomplete: got 54761472 want 55290744 errors=3
"2016-JTW 西游记（GOLD）[flac]/方大同,FiFi Rong - Run From Your Love.flac",28901376,,,,,,,full decode incomplete: got 48568320 want 48599304 errors=3
"2016-JTW 西游记（GOLD）[flac]/方大同,张靓颖 - 无所谓.flac",31293440,,,,,,,full decode incomplete: got 46393344 want 46828248 errors=3
"2016-JTW 西游记（GOLD）[flac]/方大同,王诗安 - All Night.flac",26083328,,,,,,,full decode incomplete: got 37730304 want 37940040 errors=3
Timeless 可啦思刻/01.You Are the Sunshine of My Life.flac,19016132,19016117,15,1bce227db67356fd2b419b1c85645950e8726a65,f0 00 ff 0f 44 44 40 48 46 3c 36 0e 55 ff f0,f0 00 ff 0f 44 44 40 48 46 3c 36 0e 55 ff f0,0,
Timeless 可啦思刻/03.Bad.flac,24120338,24120323,15,1bce227db67356fd2b419b1c85645950e8726a65,f0 00 ff 0f 44 44 40 48 46 3c 36 0e 55 ff f0,f0 00 ff 0f 44 44 40 48 46 3c 36 0e 55 ff f0,0,
Timeless 可啦思刻/04.狂潮.flac,13482679,13482664,15,1bce227db67356fd2b419b1c85645950e8726a65,f0 00 ff 0f 44 44 40 48 46 3c 36 0e 55 ff f0,f0 00 ff 0f 44 44 40 48 46 3c 36 0e 55 ff f0,0,
Timeless 可啦思刻/06.红豆.flac,22455339,22455324,15,1bce227db67356fd2b419b1c85645950e8726a65,f0 00 ff 0f 44 44 40 48 46 3c 36 0e 55 ff f0,f0 00 ff 0f 44 44 40 48 46 3c 36 0e 55 ff f0,0,
Timeless 可啦思刻/11.月亮代表我的心.flac,19190326,19190311,15,1bce227db67356fd2b419b1c85645950e8726a65,f0 00 ff 0f 44 44 40 48 46 3c 36 0e 55 ff f0,f0 00 ff 0f 44 44 40 48 46 3c 36 0e 55 ff f0,0,
Timeless演唱会 2CD/CD1/01.Introlude (Timeless Live 2009).flac,3875541,3875526,15,1bce227db67356fd2b419b1c85645950e8726a65,f0 00 ff 0f 44 44 40 48 46 3c 36 0e 55 ff f0,f0 00 ff 0f 44 44 40 48 46 3c 36 0e 55 ff f0,0,
Timeless演唱会 2CD/CD1/04.如果爱 (Live).flac,31639467,31639452,15,1bce227db67356fd2b419b1c85645950e8726a65,f0 00 ff 0f 44 44 40 48 46 3c 36 0e 55 ff f0,f0 00 ff 0f 44 44 40 48 46 3c 36 0e 55 ff f0,0,
Timeless演唱会 2CD/CD1/09.Who Is It (Timeless Live 2009).flac,10726413,10726398,15,1bce227db67356fd2b419b1c85645950e8726a65,f0 00 ff 0f 44 44 40 48 46 3c 36 0e 55 ff f0,f0 00 ff 0f 44 44 40 48 46 3c 36 0e 55 ff f0,0,
Timeless演唱会 2CD/CD1/10.歌手与模特儿 (Live).flac,21783686,21783656,30,f57cf60aa3a187ce86aac83d63468825cdf9df0a,f0 00 ff 0f 47 40 38 40 48 46 3c 36 23 23 24 68,24 68 3a 36 42 64 26 43 63 3e 5e 2c 0e 55 ff f0,0,
Timeless演唱会 2CD/CD1/14.红豆 (Timeless Live 2009).flac,24565504,24565489,15,1bce227db67356fd2b419b1c85645950e8726a65,f0 00 ff 0f 44 44 40 48 46 3c 36 0e 55 ff f0,f0 00 ff 0f 44 44 40 48 46 3c 36 0e 55 ff f0,0,
Timeless演唱会 2CD/CD2/02.爱我吧 (Live).flac,26676472,26676457,15,1bce227db67356fd2b419b1c85645950e8726a65,f0 00 ff 0f 44 44 40 48 46 3c 36 0e 55 ff f0,f0 00 ff 0f 44 44 40 48 46 3c 36 0e 55 ff f0,0,
Timeless演唱会 2CD/CD2/08.未来 (Timeless Live 2009).flac,57393297,57393282,15,1bce227db67356fd2b419b1c85645950e8726a65,f0 00 ff 0f 44 44 40 48 46 3c 36 0e 55 ff f0,f0 00 ff 0f 44 44 40 48 46 3c 36 0e 55 ff f0,0,
Timeless演唱会 2CD/CD2/09.Free Jam (Timeless Live 2009).flac,13322746,13322731,15,1bce227db67356fd2b419b1c85645950e8726a65,f0 00 ff 0f 44 44 40 48 46 3c 36 0e 55 ff f0,f0 00 ff 0f 44 44 40 48 46 3c 36 0e 55 ff f0,0,
Timeless演唱会 2CD/CD2/11.You Are the Sunshine of My Life (Live).flac,67931057,67931042,15,1bce227db67356fd2b419b1c85645950e8726a65,f0 00 ff 0f 44 44 40 48 46 3c 36 0e 55 ff f0,f0 00 ff 0f 44 44 40 48 46 3c 36 0e 55 ff f0,0,
Timeless演唱会 2CD/CD2/13.爱爱爱 (Live).flac,24520371,24520341,30,c0c3e4e1534e944b65d83f90cda8291fb14e476b,f0 00 ff 0f 47 40 38 40 48 46 3c 36 23 23 23 5e,23 5e 66 23 3f 57 23 59 69 42 5b 2b 0e 55 ff f0,0,
Timeless演唱会 2CD/CD2/14.Outrolude (Timeless Live 2009).flac,10310074,10310059,15,1bce227db67356fd2b419b1c85645950e8726a65,f0 00 ff 0f 44 44 40 48 46 3c 36 0e 55 ff f0,f0 00 ff 0f 44 44 40 48 46 3c 36 0e 55 ff f0,0,
危险世界/02.危险世界.flac,42331983,42331968,15,1bce227db67356fd2b419b1c85645950e8726a65,f0 00 ff 0f 44 44 40 48 46 3c 36 0e 55 ff f0,f0 00 ff 0f 44 44 40 48 46 3c 36 0e 55 ff f0,0,
危险世界/04.小方.flac,26540574,26540559,15,1bce227db67356fd2b419b1c85645950e8726a65,f0 00 ff 0f 44 44 40 48 46 3c 36 0e 55 ff f0,f0 00 ff 0f 44 44 40 48 46 3c 36 0e 55 ff f0,0,
危险世界/06.黑白灰.flac,25458385,25458369,16,7067530e8e3b6cdc746a2d468210bdc3e9acd2bc,f0 00 ff 0f 47 40 38 40 48 46 3c 36 0e 55 ff f0,f0 00 ff 0f 47 40 38 40 48 46 3c 36 0e 55 ff f0,0,
危险世界/08.特别的人.flac,27091764,27091749,15,1bce227db67356fd2b419b1c85645950e8726a65,f0 00 ff 0f 44 44 40 48 46 3c 36 0e 55 ff f0,f0 00 ff 0f 44 44 40 48 46 3c 36 0e 55 ff f0,0,
危险世界/09.Weather Report.flac,5309176,5309161,15,1bce227db67356fd2b419b1c85645950e8726a65,f0 00 ff 0f 44 44 40 48 46 3c 36 0e 55 ff f0,f0 00 ff 0f 44 44 40 48 46 3c 36 0e 55 ff f0,0,
危险世界/10.天气先生.flac,32652701,32652686,15,1bce227db67356fd2b419b1c85645950e8726a65,f0 00 ff 0f 44 44 40 48 46 3c 36 0e 55 ff f0,f0 00 ff 0f 44 44 40 48 46 3c 36 0e 55 ff f0,0,
危险世界/12.Boarding.flac,2083225,2083210,15,1bce227db67356fd2b419b1c85645950e8726a65,f0 00 ff 0f 44 44 40 48 46 3c 36 0e 55 ff f0,f0 00 ff 0f 44 44 40 48 46 3c 36 0e 55 ff f0,0,
危险世界/13.巴黎.flac,25073271,25073256,15,1bce227db67356fd2b419b1c85645950e8726a65,f0 00 ff 0f 44 44 40 48 46 3c 36 0e 55 ff f0,f0 00 ff 0f 44 44 40 48 46 3c 36 0e 55 ff f0,0,
危险世界/14.爱不来 (feat. 葛仲珊).flac,33409996,33409981,15,1bce227db67356fd2b419b1c85645950e8726a65,f0 00 ff 0f 44 44 40 48 46 3c 36 0e 55 ff f0,f0 00 ff 0f 44 44 40 48 46 3c 36 0e 55 ff f0,0,
危险世界/16.Lights Up.flac,46618895,46618880,15,1bce227db67356fd2b419b1c85645950e8726a65,f0 00 ff 0f 44 44 40 48 46 3c 36 0e 55 ff f0,f0 00 ff 0f 44 44 40 48 46 3c 36 0e 55 ff f0,0,
回到未来/02.I Want You Back.flac,30148862,30148832,30,8331cfd40d1d490e77895b7539dcceedfc10c742,f0 00 ff 0f 47 40 38 40 48 46 3c 36 23 23 26 24,26 24 3d 35 63 23 27 3c 41 59 60 63 0e 55 ff f0,0,
回到未来/05.关于爱的定义.flac,25946703,25946673,30,1269bb31c202da2ac12135b258b179a7ea03752e,f0 00 ff 0f 47 40 38 40 48 46 3c 36 23 23 26 4c,26 4c 4a 5d 44 62 26 35 29 6d 60 43 0e 55 ff f0,0,
回到未来/08.Romeo.flac,23823456,23823426,30,875459cedbfd0adde85f161bf63bf33927686cb3,f0 00 ff 0f 47 40 38 40 48 46 3c 36 23 23 25 59,25 59 49 38 2b 36 27 3c 60 56 63 2c 0e 55 ff f0,0,
未来/01.Love Song.flac,29588334,29588319,15,1bce227db67356fd2b419b1c85645950e8726a65,f0 00 ff 0f 44 44 40 48 46 3c 36 0e 55 ff f0,f0 00 ff 0f 44 44 40 48 46 3c 36 0e 55 ff f0,0,
未来/06.简单最浪漫.flac,27543393,27543378,15,1bce227db67356fd2b419b1c85645950e8726a65,f0 00 ff 0f 44 44 40 48 46 3c 36 0e 55 ff f0,f0 00 ff 0f 44 44 40 48 46 3c 36 0e 55 ff f0,0,
未来/11.爱爱爱 (Acounstic Version).flac,19015227,19015212,15,1bce227db67356fd2b419b1c85645950e8726a65,f0 00 ff 0f 44 44 40 48 46 3c 36 0e 55 ff f0,f0 00 ff 0f 44 44 40 48 46 3c 36 0e 55 ff f0,0,
梦想家 The Dreamer/01.XZMHXDXH.flac,39123067,39123037,30,37ece341999e324ee6cc10484984775ff82f645a,f0 00 ff 0f 47 40 38 40 48 46 3c 36 23 23 25 2c,25 2c 58 2a 3d 64 26 4c 28 43 3b 64 0e 55 ff f0,0,
梦想家 The Dreamer/02.江湖中人.flac,34005791,34005761,30,a8ec4ec2a0ca9a219343d874f190547ee56b0656,f0 00 ff 0f 47 40 38 40 48 46 3c 36 23 23 24 42,24 42 67 6d 42 39 24 58 2a 5f 47 23 0e 55 ff f0,0,
梦想家 The Dreamer/03.GF.flac,52417871,52417841,30,0027144f2c3482f518851436a016029780c82dcb,f0 00 ff 0f 47 40 38 40 48 46 3c 36 23 23 24 64,24 64 67 4a 4d 6c 24 3e 4a 47 3b 28 0e 55 ff f0,0,
梦想家 The Dreamer/04.Tango.flac,27345615,27345585,30,ac73fcad1c8b9a71a280fbf5b2b696af6aa8791a,f0 00 ff 0f 47 40 38 40 48 46 3c 36 23 23 25 26,25 26 4c 56 56 63 26 6d 3c 3e 58 6d 0e 55 ff f0,0,
梦想家 The Dreamer/05.才二十三.flac,44820750,44820720,30,6258436f31a94b0c0a85f91642a46701bc20825f,f0 00 ff 0f 47 40 38 40 48 46 3c 36 23 23 27 24,27 24 60 5f 27 5f 24 27 68 39 4d 3d 0e 55 ff f0,0,
梦想家 The Dreamer/06.谁知爱是什么.flac,34848414,34848384,30,dc6039a3ba9435570d596f5fd31030dc17874795,f0 00 ff 0f 47 40 38 40 48 46 3c 36 23 23 23 3a,23 3a 36 58 64 5b 25 63 24 2c 49 3c 0e 55 ff f0,0,
梦想家 The Dreamer/07.我不是农人.flac,35314422,35314392,30,d360b77187d0f8604e99dfe6e7f855ed5a0dc7ab,f0 00 ff 0f 47 40 38 40 48 46 3c 36 23 23 27 2b,27 2b 59 40 4b 39 25 65 69 69 48 5d 0e 55 ff f0,0,
梦想家 The Dreamer/08.那沙漠里的水.flac,28073556,28073526,30,c5397e49c3c51747c90e3ba8e1c9fbc5f929458d,f0 00 ff 0f 47 40 38 40 48 46 3c 36 23 23 24 6c,24 6c 5e 6c 26 6b 25 27 4b 6d 65 5c 0e 55 ff f0,0,
梦想家 The Dreamer/09.回留.flac,43700646,43700616,30,e68d37229c086216c083d18bdb7555553a00781d,f0 00 ff 0f 47 40 38 40 48 46 3c 36 23 23 26 66,26 66 66 5c 3a 55 25 5b 61 28 5e 34 0e 55 ff f0,0,
梦想家 The Dreamer/10.没啥好说.flac,42526066,42526036,30,030d440c647357087f7afde99ba029af26fb1e3c,f0 00 ff 0f 47 40 38 40 48 46 3c 36 23 23 24 37,24 37 3f 4c 5f 44 26 46 29 36 6b 5a 0e 55 ff f0,0,
爱爱爱/02.苏丽珍.flac,24388348,24388333,15,1bce227db67356fd2b419b1c85645950e8726a65,f0 00 ff 0f 44 44 40 48 46 3c 36 0e 55 ff f0,f0 00 ff 0f 44 44 40 48 46 3c 36 0e 55 ff f0,0,
爱爱爱/03.歌手与模特儿.flac,23886742,23886727,15,1bce227db67356fd2b419b1c85645950e8726a65,f0 00 ff 0f 44 44 40 48 46 3c 36 0e 55 ff f0,f0 00 ff 0f 44 44 40 48 46 3c 36 0e 55 ff f0,0,
爱爱爱/04.唉!.flac,24647970,24647955,15,1bce227db67356fd2b419b1c85645950e8726a65,f0 00 ff 0f 44 44 40 48 46 3c 36 0e 55 ff f0,f0 00 ff 0f 44 44 40 48 46 3c 36 0e 55 ff f0,0,
爱爱爱/05.四人游.flac,22221487,22221472,15,1bce227db67356fd2b419b1c85645950e8726a65,f0 00 ff 0f 44 44 40 48 46 3c 36 0e 55 ff f0,f0 00 ff 0f 44 44 40 48 46 3c 36 0e 55 ff f0,0,
爱爱爱/06.手拖手.flac,16444836,16444821,15,1bce227db67356fd2b419b1c85645950e8726a65,f0 00 ff 0f 44 44 40 48 46 3c 36 0e 55 ff f0,f0 00 ff 0f 44 44 40 48 46 3c 36 0e 55 ff f0,0,
爱爱爱/07.偷笑.flac,19976468,19976453,15,1bce227db67356fd2b419b1c85645950e8726a65,f0 00 ff 0f 44 44 40 48 46 3c 36 0e 55 ff f0,f0 00 ff 0f 44 44 40 48 46 3c 36 0e 55 ff f0,0,
爱爱爱/08.Goodbye Melody Rose.flac,20996866,20996851,15,1bce227db67356fd2b419b1c85645950e8726a65,f0 00 ff 0f 44 44 40 48 46 3c 36 0e 55 ff f0,f0 00 ff 0f 44 44 40 48 46 3c 36 0e 55 ff f0,0,
爱爱爱/09.诗人的情人.flac,25704103,25704088,15,1bce227db67356fd2b419b1c85645950e8726a65,f0 00 ff 0f 44 44 40 48 46 3c 36 0e 55 ff f0,f0 00 ff 0f 44 44 40 48 46 3c 36 0e 55 ff f0,0,
爱爱爱/10.拖男带女.flac,32380920,32380905,15,1bce227db67356fd2b419b1c85645950e8726a65,f0 00 ff 0f 44 44 40 48 46 3c 36 0e 55 ff f0,f0 00 ff 0f 44 44 40 48 46 3c 36 0e 55 ff f0,0,
爱爱爱/11.Love Outrolude (Instrumental).flac,7756838,7756823,15,1bce227db67356fd2b419b1c85645950e8726a65,f0 00 ff 0f 44 44 40 48 46 3c 36 0e 55 ff f0,f0 00 ff 0f 44 44 40 48 46 3c 36 0e 55 ff f0,0,
爱爱爱/13.春风吹之吹吹风mix.flac,19697057,19697042,15,1bce227db67356fd2b419b1c85645950e8726a65,f0 00 ff 0f 44 44 40 48 46 3c 36 0e 55 ff f0,f0 00 ff 0f 44 44 40 48 46 3c 36 0e 55 ff f0,0,
